,text
0,“北京道路安全委提醒你：道路千万条，安全第一条，行车不规范，亲人两行泪” 这句广播语真是又土又洗脑，能不能押点韵啊？哈哈哈~ 电影比预期要更恢弘磅礴，晨昏线过后的永夜、火种计划、让地球流浪、木星推动地球…等等大小设定，没想到中国也能拍这么大架构、大格局的科幻片了，而且是第一部，了不得。以前看国外科幻感觉离我们很远，这一次看到熟悉的北京大裤衩、上海东方明珠都变成零下89°冰天冻地的末世场景，既猎奇又唏嘘。虽然在剧情上有套路，对于这部中国文化背景下的科幻新生儿，鼓励多于挑剔。导演说美国人拍科幻是放弃地球、去挖掘新的人类居住地，而中国人是不放弃地球、守住家土的情怀…“希望是我们回家的唯一方向”
1,1.从特效和技术上讲，这应该是迄今为止此类中国电影的巅峰了。磅礴恢宏，细节营造用心。2.故事层面比较糟糕，很好奇到底出于什么原因，造成几乎超过40%的台词都是后配的，而且对不上口型，明显是片子成型后彻底改词重配的。这严重影响故事质量。3.作为类型片，很多讲述方式有明显问题，比如人物特征不鲜明，交代不清楚，刘启变成“刘户口”，这种启字的拆解为什么不交代?李一一变成“李长条”留给谁去猜?4.很多地方增加众多根本无意义的插科打诨，自以为幽默但毫无笑点非常尴尬。5.这个全球化的项目中，中俄合作，稍稍出现一句法语，两句日语，美国只闪现一次国旗，美国的缺席，出于什么原因?好奇。6.科幻特效技术有了巨大进步，但技术这只是科幻电影的一部分。
2,1.终于，轮到我们仰望星空。2.后启示录死亡废墟，赛博朋克地下城，以及烟波浩渺的末日想象，缔造了真正意义上的第一部国产硬科幻。3.拖着地球逃离太阳系的惊艳设定，本身便是对“家国情怀”的宏大投射，正应了刘慈欣那句“太阳死了，人还活着”。4.绝不仅仅只是电影工业巨壳下的类型尝试，始终荡涤其间的悲壮气息已然具备了史诗级质感，这是大刘的脑洞宇宙与电影创作团队精益求精造就的惊喜。5.屈楚萧很带感，演活了一个勇敢、中二又不失温情的英雄少年。6.期待能成爆款吧，这样才有机会等到更多的国产科幻电影；或许以后会出现更好的，但至今这无疑是最好的。
3,1. 煽情、尴尬与生硬并存 2.主要是2001太空漫游（致敬AI杀人太空戏）和罗兰.艾默里奇灾难类型的杂糅。如「后天」里宏观视角和家庭线小视角的结合，但处理太生硬。尤其地面这条线一开始就给这么多镜头叙事实在是缺乏矛盾内驱力。 3.剪辑问题不少：吴孟达坠落那里有谁看清了吗，还有俩兄妹坠落，之后就直接出现在球里了，事件线剪辑混乱，缺乏逻辑前后关联。 4，台词欠打磨，表演也尴尬，尤其刘启的生硬对冲，尬硬尬硬的，直逼李易峰在老炮儿里的演技。儿子表演全靠吼。 5. 大刘的想象力设定一流，很多人的赞美也都是冲着这个去的，但是恕我直言，这个导演没跟上，电影其他部分从剧作到配乐表演剪辑都不及格。现在显然鼓励太多——上一次还是大圣归来，从国产动漫到科幻，都是批评不得 客观就2.5，打了三星都有人来骂
4,一个悲伤的故事：太阳都要毁灭，地球都要流浪了，我国的校服还是这么丑......
5,7分，当时看的时候，最大的感受就是，影片终于用一种好莱坞灾难片的模式，来处理这部电影，这使得最后的救援与牺牲，都有热血感。虽然从情节的细节、人设、台词等很多方面，还是有太多的遗憾。但是，它还是一个方向吧，这种大片，还是要尊重一些类型片基本情节规律的。另外，真正触到我的，还是那个2500年的漫长旅行，一场所有人都看不到结局的冒险，特别绝望与悲观，恰好也是我对宇宙的看法。
6,华语真正意义上的第一部科幻大片！刘慈欣的硬核科幻设定，小兵扛大旗的主流价值观人设，东方式的家庭理念核心，地心引力与星际穿越的融合。故事铺排+情节张力+情绪渲染+镜头调度非常娴熟，意料之外的特效大场面超赞。虽然有瑕疵但整体非常流畅，后30分钟更攥着手看，几处情节令人泪目，片尾BGM燃爆。“比肩好莱坞、电影工业”已是老生常谈，我认为这是华语电影的发展方向，不算完美但完成度和起点相当高，给你五星不怕你骄傲
7,战天斗地会是历史留给中国人的唯一思想遗产么
8,《流浪地球》小说本就想象力丰富，让地球连同地球人一同逃难的创意荡气回肠、惊艳无比。 电影中的行星发动机很硬核，还原了小说中“雅典卫城神殿的巨柱”的描写； 地球启航产生的尾迹清晰可见，宛如一艘巨型飞船遨游宇宙之间； 北京、上海被冰雪覆盖气势磅礴；地木交会更是让人瞠目结舌，试问有电影能看到这样一幕？ 最后表扬一下片尾的《流浪地球》小说的特效，比漫威的漫画翻页片头还精彩。 电影保持了小说的整体框架，有一定改动（严格说其实是扩充），只拍了小说的前两章，最精彩的《叛乱》希望能在续集看到。 新加入的点燃木星很有新意，这种有创意的改动我还是能够接受。 《流浪地球》的上映填补了中国科幻电影的空白，意味着中国科幻电影正式启航，让“中国科幻电影元年”迎来真正的春天。 中国科幻迷从此不再流浪，因为我们终于有硬科幻了！
9,从各个方面来说都是一部好看的类型片。而最特别的是它是一部国产科幻电影，影迷+科幻迷的双重满足。和最好的好莱坞视效电影相比肯定有差距，但差距已经是肉眼可见的了，剩下的都是假以时日就有机会追上的。追求最广泛的情感共鸣是所有商业类型片都要努力做到的，在某些人看来很俗，但我觉得这一点反而应该是值得骄傲的。
10,史诗感不是靠狂轰滥炸的煽情就可以做到的，这部电影的双线叙事做得太糙、太散、太自我陶醉了。最可怕的是，这依然是一个中国式寓言：长辈们大爱无言，前仆后继地自我牺牲；年轻人们任性叛逆、自以为是，又总能踏着祖辈的鲜血苟活下来。让人细思极恐的价值观。如果说中国科幻值得鼓励的话，及格已经是最好的鼓励了。
11,中国导演能拍出这样的硬科幻，看到这样的完成度，想想就激动，可以让人原谅一切不完美！说这部电影是中国科幻电影的元年自然是站不住脚，毕竟国内早就拍过很多软科幻，但说《流浪地球》是中国硬科幻电影的第一座里程碑，或者说中国硬科幻电影的元年，这是任何人都无可反驳的，它的工业化程度在国内绝对是前所未有的，是一部可以载入中国电影史的电影！其实中国观众对于这类型的硬科幻并不陌生，只是国内一直没有拍摄这种硬科幻大制作的工业基础，也可能是因为中国人没有这样的文化自信，找不到中国独有的文化语境，并不相信中国人可以去拯救地球，拯救世界。直到今天，终于有导演做了这件事情，而且做的非常棒，给中国的硬科幻竖起了一个很高的行业标杆，在中国人的文化语境里用中国人的方式拯救全人类，也一样可以拍的毫无违和感，一样燃爆！
12,宏大又动人。为原著赋予了细腻的想象，整体气质比美式末日片都多了一份安静和真实，也有萦绕不去的悲伤。最戳心的当然还是《流浪地球》选择带着地球寻找新的星系，而不是开辟新的居住地，等冰有天化为水，子孙依然能看到北京、上海、贝加尔湖，这点可真是太乡愁了。看完念念不忘的并不是角色，而是电影带来的挥之不去的孤独感，望着头顶的太阳，真是又温暖又寒冷。
13,观影过程中的情绪很复杂，一方面感叹特效的用心和部分设定的精妙，另一方面又很讨厌导演极尽谄媚的逢迎和所谓的“接地气”，这可能是导演想要努力区别于国外科幻片的地方，但不是说加入像《海草舞》、穿秋裤这样的“魔幻中国”元素就能展现出中国特有的科幻感的，一切还是要回归到人性纽带上。在这一点上，影片中的几条亲情线就至关重要。其中最打动人的还真是吴孟达饰演的爷爷/姥爷这条线，以及隐线叙事的父女情和夫妻情。吴京才是影片的第一男主角，从头演到尾，而且大多数时间都是独角戏，难度很大，变成特别出演可能也是情非得已。多加一星鼓励，作为第一步，确实已经不错了。
14,走出影厅时，我身后一位女生跟她的同伴说了三句话：“这部电影剧情很一般，网上打分高大概是因为特效吧。而且为什么搞这么多煽情啊。”我同意她的看法。本片让我感觉最不足之处，那就是人、人性、人类文明和人文关怀的统统缺失。我看不到芸芸众生的人，看不到七情六欲的人性，看不到色彩斑斓的人类文明，我只看到各种硬伤的科幻设定，只看到各种未必高明的高科技，只看到国产电影最高水准的特效。可是，没有了人，这一切都是苍白的。当《后天》里难民们在图书馆里争辩要不要烧尼采的书、想竭力保护西方文明之里程碑的谷腾堡圣经时，这样的细节会让人肃然起敬。高度文明不是苍白得只剩下高科技。即便在最危难的时刻，我们仍然会想起某些永恒的人类文化母题，它们的价值超越了小情小爱，也超越了家国情怀，恐怕它们才是人类命运共同体的真谛。【仙桃剧角】
15,8.8，热评第一条我就呵呵了，中国科幻电影为什么不值得我们打高分去鼓励，非要放在国际水平线上才是客观的吗，您真的有那么客观吗，我看《七武士》、《漫游太空2001》的时候，我要不顾及他是那个时代的电影，我会给那么高的评价吗，同样都是时间轴上的事情，我觉得国产这种东西给高一点评价真的没问题，真的需要鼓励，才能继续发展，我国多少题材和类型的电影就是被您这种想法所阻碍和难以发展的，向您这样的评论，中国科幻电影真的是寸步难行了，中国电影也会受之影响，真的希望大家能明白，结合我国电影发展的历史来评价国产电影。
16,这部电影只能证明我们的特效起步了，我们的科幻片还没有起步。
17,刘启韩朵朵，地球给你俩了，毁灭吧，赶紧的，累了。
18,看着挺无语的，对不起各位，对不起大刘，但我实在没法接受莫名其妙的煽情和我逻辑里没法解释的“小屁孩通过常识得到的奇迹比全球顶尖牛逼的科学家和超智能人工智能更牛逼”的爱国主义奇迹精神。对不起。
19,125分钟重新定义了中国科幻，主创团队站在好莱坞的肩膀上完成了一个中国电影人从未完成的壮举。你可以在影片中看到《星际穿越》、《全球风暴》、《后天》、《世界末日》等一系列好莱坞顶级大片的影子，但是观看的时候你依然会非常明确地认定这是一部国产科幻大片应该具有的样子，没有山寨感，没有违和感。编剧对于大刘故事的全新演绎面面俱到，小到人物情感大到人类存亡都被演绎得让人信服，高潮部分更是贡献了极强的情感穿透力，燃度也是惊人。说实话，《流浪地球》作为国产科幻元年作品，起点真的太高了，心疼后面那些跃跃欲试的跟风者。PS：小粉红请不要赞这条，我不是你们盲目爱国的盟友！
20,春节期间最大的一场烟花，是看你爸为你和地球点燃的宇宙爆炸，太朋克了。
21,优点和缺点都十分突出的电影。先说优点：算得上中国科幻电影的里程碑之作，尤其视觉效果非常出色。红色防护服和大型载货卡车的设计极其出彩，完全击中了我的审美，如果出周边玩具的话一定购买！再说缺点：场面足够宏大了，但有些空。个别台词太尬，个别演技掉线，个别煽情过头。而大刘原著里的那种悲悯，没有表现出来。简言之，流浪地球是一出无法回头的壮烈，一种不抱希望的绝望。苦涩的成分，原本应该大于燃烧的。
22,求求编剧，人类都快失去地球了，生存才是最重要的。请别再bb这点家庭琐事和煽情烂梗。白瞎了刘慈欣原作的宏大主题。
23,一分。画面分。 在一个烧石头都能做热核聚变的高科技时代，会搞不清楚发动机的工作条件导致集体熄火拉全人类去死？这是侮辱全人类工程技术人员和科学家的智商，被否定的方案能够实现，说明以前的预演就是放屁，如何把方案做得完美压根就不合格，可靠性，可行性是怎么验证的，此路不通也就没有别的补充方案了。科幻并不缺乏大场面的制作，虽然早已审美疲劳了，最大问题是脑残的剧情，它和你讲情怀和想象，我只能摇摇头。战狼京出现的违和感，让我有点想起当年芮成钢的名言“我代表亚洲”，除了画面科幻，就一意淫片。还有，并不是讲国内出了个能看的科幻片就必须鼓励大于批评给个五分。
24,这回还真不是吴京的锅，而是整个团队的锅！前半段尴尬，后半段强行撩，导演这剪辑和节奏掌握的都赶上各种笔仙碟仙了，本以为特效会有亮眼的地方，但整个cg效果并不让人满意，与其说这电影是科幻电影，不如说是部人伦片，催泪部分说是为了让科幻片看着不生硬，哎哟我去，这一催，更尴尬了！演技担当也就达叔了！所以一星我真的给得尽力了！
25,2.5；首先是宏大设定题材的胜利，木星的壮阔斑斓与荒原废土视效展现的工业制作水准有惊喜，让人仿佛窥见国产科幻的春天微光；不少模仿痕迹，“莫斯”堪称全知型的“哈尔”。然而缺点亦同样显露无疑，不谈科学原理的硬核度是否经打，我首先非常反感在号称「硬」科幻的影片里乱塞情感强煽，套路化的美式个人英雄在社会主义「高大全」特色美学旗帜下，显得尴尬无比；自以为是的幽默和废话连连的台词，经过尬演滤镜折射，以及全程满溢的配乐，愈发让人出戏。全片最神奇的还是混乱而粗暴的剪辑，很多关键场景被处理得莫名其妙不知所以，甚至出现情节的跳跃。
26,就真的，三分不能再多了。我很失望??电影改编得面目全非。刘慈欣最精彩的是他的科幻的形吗，是吧，但除了他恢弘的宇宙想象外，更精彩的是对人性的洞悉和对社会形态的观察力。这些电影全都自我阉割，根本没打算要拍，即使自我降维打算拍成美式爆米花电影，却又连故事都讲不好，硬挤尴尬地笑点和煽情，人物全都莫名其妙的缺发动机。书中有侧面描写过为什么最终计划倾向于地球派而不是飞船派，电影连这一茬都不打算提，难道没看过原著的人不会困惑为什么要拖着个大地球满宇宙跑而不是靠飞船高效移居吗？连爆米花电影的水准都做不到，为刘慈欣不值，可别再想着拍三体了吧[微笑]最后居然还改成吴战狼的个人英雄主义，吐了，真的。
27,台词做作剧情薄弱没一个演员在线 无时无刻的尬笑走心台词还以为编剧是激素泛滥的中年少女 感觉看了一部战狼3 最后小女生用一篇激情澎湃的即兴小学生作文感动了全球救援队 中国梦实现了！
28,不能因为它是首部本土科幻片就蒙蔽了双眼打高分，对吧。看完要说的仍然是中国电影工业还有很长的路要走。\\ 再说两句吧。库布里克时代拍科幻片就在处理哲学的基本命题了，他给的起点多高啊！我们没道理只逗留在通用表达上，处理人类的情感抒发。 林若宁给Eason的《月球上的人》这么写道「从未来观看 潜伏万年的野史记载 不理它小爱与大爱 人类太过渺小的最爱」这才是对宏大的宇宙观应有的共识。 这两年也就《降临》和《谷粒》达了标。
29,《流浪地球》，中国第一部真·硬科幻电影，确实硬起来了。将中国式亲情关系、故土情怀投射到宏大的末日构想中，比原著又升华一层，敬畏而感动。电影剧本、特效都很扎实，最后30分钟特别燃。2019年龙标001号作品，也是中国科幻大片迈出的第一步。郭帆这一代类型片起家的80后导演学习能力都很强，不断为市场带来新的惊喜。加油
30,充斥着模仿的痕迹，某些镜头直接地心引力同款，另外就是画质极渣的摄影以及播放卡顿。宏大主题配以乡土气十足的人设、情感以及地下小镇式场景，中段的冗长更是让人疲惫。倒是现象级的吴京带来现象级的吹捧狂潮惊到我了。
31,1.2058年的中学课堂与社会结构还停留在1988年，机械设计还停留在维多利亚的蒸汽齿轮阶段；2.请全世界自以为是的熊孩子都进监狱；3.心疼休眠中的其余精英宇航员，莫名其妙就成了一意孤行的陪葬；4.56种语言，大力出中国奇迹；5.让人类永远保持理智，确实是一件奢侈的事。
32,拖着地球逃难的设定有种在看太空版“战狼”的感觉，但无论气质还是内核都够硬，硬气+硬核的国产科幻片，预算有限但特效很真。纪律、服从、牺牲精神，外国人可能又要说华语片自我高潮了，但谁说价值观只能是好莱坞那种？最大亮点：没人谈恋爱，因为谈了也没球用...
33,想看科幻的，可以散了。想看父子冰释前嫌的，赶紧去吧。
34,4星，多一星鼓励。华语电影工业飞跃的节点，技术、剧本、精神内核，各方面都是全球尺度下顶级同行们的优秀学生水准。可贵之处就在于，作为先行者和新生代，能分辨什么是好的，应当学习的，并用十二分的力气把它们执行出来。比起科幻，我更看重和感动是它作为电影本身的意义，终于让我对华语电影有了一丝“总是往好里去”的希望。执拗、赤诚、勇敢、高贵——是的，甚至称得上高贵，负载着沉重的文化烙印，但依然元气淋漓，令人击节的少年。像那颗燃烧自己驱动前行的淡蓝色小球，向着茫茫宇宙，星辰大海，出发。
35,高度依赖文本的叙事，郭帆创造了一种全新的艺术形式……姑且称之为“视听小说”吧。叙事基本靠说，剧作节奏零碎且赶，看得出郭帆对某些观众智力的绝望，浅显直白到务求最智障的人都能看懂。郭帆讲故事的耐心近乎为零，放弃了引导而是一味强迫观众进入情绪。闭眼睛就是广播剧，睁眼睛就是奇观展示。配乐的滥用令人发指，三条音轨几乎铺满了整部电影。郭帆似乎并不在乎观众的听力健康，低重音滥用让人濒临崩溃。着重强调“灾难”的场景，却淡化了逻辑关系，对关键信息进行了模糊化处理。为了惨而惨，死亡在剧作层面目的性很明显，对操控观情绪的作用比对剧情的推动要大得多。经常为了戏剧性，彻底牺牲逻辑。郭帆对演员的指导堪称灾难，情绪建设基本上没有，全凭乱吼爆发出来。立意层面依旧是刘慈欣让人作呕的三观，在极端背景下论证那套反智反理性的东西。
36,这个设定本身带来的那种悲壮甚至一丝浪漫感全被各种毫无节制的煽情和空到不行的台词给毁了 ★★☆
37,新时代特色社会主义硬核科幻(科幻的核心在于探索发问，而不是去解释回答，这样的作品属于玄幻)
38,美国被隐去，俄罗斯陨落，日本韩国东南亚逃避无作为，依靠吴京的父权杠杆，子嗣撬动宇宙。
39,我这里有一个快速的观影指南，这部电影好不好？可以类比一个事情：比如说华为手机好不好？华为手机市占率已经有公论，理性地说，华为手机很好，但不足以让我给华为的行为打五星。所以，这部电影就像另外一种华为的翻版，是建立在全球化合作基础上创造的中国制造。在某种底层价值观上，这部电影应该体现一种向全球化致敬的底色，而非电影里面数不清的“回家”。相反，在这部电影里面，中国人只是表面上和全世界通力合作(但实际上只是和俄国人搞起了团团伙伙)。电影唯一可取的地方，是具象化了星辰大海，只能期望更多的中国人在看过这部电影之后，开始有一种真正的“胸怀宇宙观”，有一种真正地意愿参与全球价值观建设，而非所谓的“一不干涉，三不输出”，表面上顶呱呱，背地里打哈哈。所以，从我个人价值观的角度，我仍然只能给一星。
40,真的是国产科幻片里前所未有的级别了，可以说是太空版的《红海行动》，不论是优点还是缺点，都完全是想象中刘慈欣小说拍成电影时该有的感觉。吴京这把还真的不战狼，战狼魂都传给儿子了，不过他和屈楚萧又不太父子，更像是什么养成系gay couple……
41,就在我已经彻底被国内影视技术限制了想象力，不相信中国能有真正意义的科幻电影时，流浪地球便对着我的心脏狠狠扎了一针强心剂，走出电影院都还恍若隔世，中国真的也有这样的电影了吗，真的不是在做梦吗。相信，这是一部定会写进中国影史、中国科幻影史、中国太空电影史、中国影视工业进程史的一部科幻杰作，庆幸能成为见证者。此刻我手中的那张电影票不再是一张观影入场券，更像是一次亲历奇迹的勋章。
42,只能说前期宣传太强势导致期望过高，男一女一演技拖后腿，而且想说本人非常相当不喜欢绑架型宣传的电影，什么中国电影站起来了呀之类的，把期望宣传立意搞那么大，看了只会觉得有落差。不过吴京文戏表现意外不错。可惜被男主和妹妹一人拉低一星。
43,不论从任何一种标准（科幻片的，华语片的，华语科幻片的）来看，都不能称得上是部合格影片。严重过度剪辑，这种典型2D动作片剪法用在这部空间结构比较复杂的3D科幻片上简直是胡闹。空间及动作表现极其不清，轴线纷乱，运送火石吴孟达死那一段，有人能看清发生什么事情了吗？经常错误地插入过紧的特写和过大的远景，在运动方向不一致，且无有效明暗对比的情况下，完全无法锚定观众注意力。全片仅有少量连续长镜头让人感觉空间清晰，但跨越数十万的公里的建构着实费力。每当镜头抽远，人语一成不变地延续，仿佛在看一部云淡风轻的青春片。说到底，这点视听手段完全无力处理刘慈欣的星系尺度超全知叙事。
44,“咔嚓一下震天响，来了战狼当球长。带领人类救地球，一场大火没咋地。”能有部特效还看得过去的硬科幻国产片是值得鼓励的，虽步履蹒跚但至少起步了。身为大刘十几年的读者，观影前又读了遍原著，文字的力量依旧让我感动。大刘不像很多中国科幻作家那样有强烈的中国中心观，而是站在全人类高度。但电影只是借用了小说设定，剧情已改编得面目全非，注入了原著不曾有丝毫的民族主义催化剂。映后吴京灵魂提问“月球背面的车是哪个国家造的？”全场高呼“中国！”观众激动表达高涨的爱国情绪与自豪感，让我惊愕不已。电影在台词节奏方面问题不少。吴京的角色设定似曾相识，他在太空翻滚对接高潮戏的配乐也很耳熟，仿佛穿越到五年前三刷《星际穿越》IMAX的那天，忍不住喊出那句经典台词：Come on TARS！
45,超乎预想的太多。这的确是一部意义非同寻常的作品，剧本和特效都足够踏实，满满的人文主义关怀让它有了与美国大片截然不同的气质。还有瑕疵，但在其相对华语电影工业和类型高度的巨大飞跃前，这些都不值一提。冰雪覆盖的巨大建筑物、赛博朋克的地下城、“流浪地球计划”的故事构想，这些震撼感官的部分也指向国产科幻片逐渐明晰的未来。
46,在西安看完零点场，上座率好得惊人，观众素质极高，我隔壁的哥们（不认识）在电影结束的那一刻对着郭帆的名字大叫一声“牛逼！” 第三次看了，还是看哭了，我看到了一个未来，那就是《流浪地球》会成为星战那样延续几十年的经典系列，几十年后，我会在电影院看到地球抵达半人马座阿尔法星，也就是三体星系，冰融化成水，人类的孩子在贝加尔湖畔钓鱼。而我们这一代人垂垂老矣，在影院里默默流泪，更多的年轻人因此爱上科幻。
47,建议大家放低预期去看，好，但并没有吹的那么开天辟地的好。特效确实没话说，开头十几分钟快节奏剪辑交代设定背景，加上我们熟悉的北京，上海，杭州等大城市被冰雪覆盖的荒凉震撼场面确实让人忍不住想打5星，可惜后半段越来越主旋律和刻意的煽情，使每一个阅片量多一点的观众几乎都能猜到最后的结局，这让一切开始变得冗长和乏味，影片观影完毕后，留给观众哲思和探讨的余味很少，影片应该更深挖人工智能的背叛，人类对宇宙未知探索那种恐惧和好奇心并存的心里，而不是把全部精力都用在众志成城拯救地球这条单一的政治正确主线上。
48,一定会有人来较真儿，不过尔尔。但就是喜欢以及尊敬。人类有两只眼睛，既要关注当下，也要眺望远方。赶长路总得看得远些，多点夸父追日的浪漫，就能多点愚公移山的可能。【流浪地球】是个不断在两个坏的结果里做选择的故事，希望是唯一的标准。说是科幻元年，意味着一片荒芜百废待兴，而出发的决心和勇气，赢得的将不只是尊重，因为今天就是明天的昨天。最喜欢片尾的那段话，我们是个缺乏谈论普世价值基础的社会，但希望和勇气，总是可以也应该说的吧。
49,剧情梗概： 太阳：滚！地球：好的 木星：滚！地球：好的
50,犬儒、鸡贼到让我愤怒，所以这次评价决定不再犬儒直接一星。觉得科幻的核心永远不是设定、技术。它首先是遵循电影调度逻辑的电影；然后是责任感，是设问和思考，是“终极体验”。技术只有契合在这两者身上才最有价值，最有“电影价值”乃至“科幻价值”。其余的都多少是扯蛋和自我标榜
51,我是很客观的评分的，编剧部分有很大的问题，这个问题就是这里面主人公面对所有的困难和挑战而采取的行动，不靠外部情势的改变和机遇，不靠主人公由于遭遇而转变了视角，全靠“突然想到了”，影片后半段感觉被人绑住硬噎进去一个馒头，不知道怎么回事地球就在无数个偶然的“突然想到”中被拯救了，让这里面所有人的“抉择”都轻飘飘的，里面大多数人死的都不是因为他人的决定，而是意外，为了营造末世感尸体遍地却不让人有触动，说到底，是电影没有真的思考和人文关怀，空有个“必须拯救人类”的空话，却不知道人到底为何物。及格的电影吧，还基本能看得下去。 （很多人去给豆瓣的app打1星，认为只能看过电影才能打分，好吧，我看过的，现在3星改1星，为你们热爱的，想要以任何手段捍卫的这部电影，献上我庄重的1星）
52,这分数我又叛逆了，本应三分是全给特效的。内核剧情看得我彷佛吃下大年初一第一口shi…科技进步成这样了为什么每个人还作得让我恨不得打爆他们的??头
53,这片要是美国拍的可以给80分，中国拍的我给200分！你能想象在波士顿的IMAX电影院里坐满人，看完集体鼓掌的画面吗？燃，巨燃，全程无尿点，特效满分，剧情瑕不掩瑜。。豆瓣为什么不能打6星？??????
54,剧本的节奏处理的极其工整，灵魂黑夜到第三幕的高潮迭起层层堆叠。特效部分也很扎实，美术在好莱坞科幻美学上有很多本土的尝试。最后的太空战狼时刻也并不违和，春节元素也比红海更扣档期主题。希望中国科幻电影好起来。
55,女的在里面不是添麻烦就是不懂事，价值观反人类反文明反自然，文化艺术宗教一点没出现。计划经济的缩影，矿工区的“活着”。贾樟柯好多了相对比。评《流浪地球》
56,绝对当得起“中国第一部硬科幻”的头衔。对大刘小说的影像化改编，可以说远超想象。国产片中极其罕见的具备了庄严的悲剧气质，好几个时刻能让人感到人类在宇宙中那种宿命般的悲壮和无力感，我们能够与之对抗的，只有爱和家庭。看好成为春节档冠军。
57,在悲情城市2058的中学教育居然还是这样的
58,能拍科幻片了就是进步，虽然煽情尬得不行。
59,《星际穿越》我给了五星，《地心引力》《火星救援》我给了四星，按这个标准只能给三星。
60,人类中心主义真烦人啊
61,气势恢宏，后半段很震撼。刘慈欣原著没有完整的故事，而是碎片化场景的集合。电影版以原著设定为基础原创了一个故事，有致敬《2001》《地心引力》《2012》《星际穿越》和多部经典动作片灾难片的内容。和《降临》一样在科幻故事架构中表达人文关怀，不再以展现人类科技伟大成就或浩瀚宇宙壮丽神秘作为故事唯一主题，而是以此为基础回归人性，探索架空设定下人类最纯粹的情感。
62,作为业余偶尔写科幻小说的我，实在没有写如此庞大体系的能力，顶多写软科幻。真是出乎意料的我国本土科幻大片，背景体系庞大，十足的硬科幻，视觉效果震撼，作为文科生可能对这方面的理论比较难理解。不过本片除了科学理论，还有浓浓的亲情，催泪啊。看完散场以后，要好好的呼吸空气，仰望蓝色天空or星空，感受地球的美好！
63,木星都被你们地球人点燃了…… 还要我说什么？？？ 《流浪地球》挺硬，但序幕往后，越来越糙，人物情感和煽情模式太套路。中国能拍科幻片，中国是主场景也不违和。可强调中国心、以（过年）回家之类的观念灌输，实在吃不消。 举例其中几场戏：上海电梯救援和初中生演讲感动全世界，完全不知道在拍啥，实实在在瓦解掉了开头上地出城的高大上感。反复的亲人泪两行当然可以，但一直用，就有点无解——更像反复要在现实中国和银幕科幻的联系上耍聪明（这一切也可以被注释为第一次见到中国城市被毁灭云云）。一直来这套，实在对不上地球死了几十亿人的悲剧感和极度寒冷，说来说去，也只是一堆数字。记住，电影评价也得有洛希极限。
64,2.5 鼓励一下往上拉拉吧。当然不是一无是处，但是看得很焦躁。其实科幻片里人类应该太空战狼还是充满敬畏没有说一定要怎样的。但不论最终需要传达什么情感，哪怕是最简单的亲人想要再见面，都需要循序渐进让观众逐渐产生同理心呀。这电影呢，夹住了就掰，卡住了就踹，急眼了就大喊，不爽了还放火，感觉所有的角色都脾气很差。不是一个好故事应有的继续方式。地球被推来推去暂且不说脑洞的问题，总之觉得可以完全讲的更好的。电影千万套，好看最重要。票价如此贵，钱包两行泪……
65,8.4分感觉像是刷出来的 没感觉多好看啊 为什么就不能客观点呢 一定要用爱过情怀来绑架 说实话中国人如果真的那么多爱国的就不会有日本车满地跑 韩国戏子满地蹦跶了
66,少年离开地下避难所来到冰冻的地面冒险，男人离开熟悉的星球飞到未知的太空工作，地球离开膨胀的太阳系驶向茫茫的宇宙流浪。空间站搜集人类文明延续火种，地球人通过饱和救援传递火石。希望从不是教室外的模拟显示屏，眼镜里的虚假小电影，不是永昼里望梅，想米饭止渴，是我兑现诺言撞向木星与你相见。
67,我不知道中国可以拍出以假乱真的美国A货科幻片，这到底有什么值得骄傲的？可绝大多数人都会不自觉地这么想。《流浪地球》有趣的是在80年代末国产软科幻和90年代美国硬科幻之间，找到了”家庭伦理“这个可以共享的价值观，与地木叙事、全球救援构成了平行的家庭叙事，不管你是否喜欢这种翻出出现的“婆婆妈妈”的东西，这是工业化电影的必然选择，影片有趣的地方是最后把“家”与“希望”对立起来，到底什么是“不能回家的希望”？
68,很复杂的观感，即便能说出这个片子的一百个不足，比如本土化的台词过于刻意、比如有点想当然的剧情、比如一根筋式的人物塑造、比如结尾处站在宇宙中心用爱发电的廉价煽情等等，但是情感上还是有被打动到。看的过程中一度想到人类的伟大与渺小，也穿越到Interstellar结尾安妮一个人孤寂的神情，甚至还想起了奇葩说里大美玲说的那个“有后东”和“无后米”的故事。其实本质上还是在用硬科幻的外壳包裹人类共通的情感联系，“选择回家”or“选择远方”这样的议题放在影片的语境中显得更具现实意义，也显得更加在地；而宿命的荒凉感和对希望的执着企盼，在顶级工业水准的加持下也散发着动人的色彩。这颗在黑暗宇宙中摸索前行的小小星球，承载着人类多少厚重的能量，一想到就觉得震颤不已。中国科幻电影第一步，走得确实不容易，三星半鼓励。
69,看预告片以为是个高概念低成本作品，想不到超出预期。情节热血，想象奇伟，画面瑰丽，是个完成度很高的硬核科幻电影。这大概是中国人第一次在银幕上领导全人类拯救世界，让我一句话概括剧情的话就是“烟花爆竹救地球”。关于他者的刻板印象不少，是以后需要多借鉴人类学的地方。让我最感兴趣的是我们终于可以自己拍灾难末日场面了，这本身就打开了设想另一种社会秩序的大门。缺点主要是设定未臻圆满，叙事轻重偏颇，但毕竟这是中国科幻片的一个新起点，值得高兴！
70,到五棵松耀莱影城的杜比厅大银幕上看了这部开创中国硬科幻电影元年的娱乐佳作，不错！几年前就看过刘慈欣的大作《三体》，深知把他的科幻世界搬上银幕的巨大难度，年轻的导演郭帆和王红卫剧本策划带领的编剧团队干得漂亮，值得观众用40亿以上的票房来支持它，鼓励它！好的文化艺术片不容易拍，好的通俗娱乐电影同样需要不凡的艺术才华、技巧和能力，加上巨额的资金投入、高科技视听制作，难度更大。春节假期中，在柏林电影节上斩获奖项和好评的《地久天长》、《恐龙蛋》、《一秒钟》等文艺片和在国内市场上获得票房冠亚军的本片及《疯狂的外星人》等娱乐类型片的主创，许多都是电影学院的各专业毕业生，祝贺他们的成功，母校因他们而骄傲！以前给《战狼2》我打过五颗星，这次也一样。
71,开年第一部灾难大片——灾难级的表演，灾难级的文本，灾难级的剪辑，灾难级的摄影。原著小而精的结构到了电影里变成了赶流程一样的儿戏，通篇的廉价煽情和自我感动。最后小女孩全球广播作文朗诵我甚至听到我爸重重的“啧”了一声。至于技术，「值得鼓励」和「好」是截然不同的两件事情。
72,可以的，完整，宏大，节奏，泪点都做到了，这种踏实在风靡着胡乱吹逼和高冷鄙视链的科幻电影界真的难得，要不是粉丝那么讨厌我都可以打鼓励性五星了。当然，有一说一，短板也是很明显，比如你把背景换到俄罗斯试试，没了祖国滤镜整个故事就还是上世纪土锤灾难片，但是谁让我们连土锤灾难片都没拍好过呢？慢慢来吧，保持这个态度，总有一天会好的
73,暂未看原著，此评分仅针对电影呈现拍摄制作。评分绝大部分给画面特效。1、情节全靠台词和配音推动（刚才地震了！刚才二次地震了！杭州沦陷了！我们到印尼了！木星引力加大了！我们成功了！）2、插科打诨特别尴尬，一些人物个性莫名其妙（如呕吐的那段）3、煽情极多，好不容易情节走入正轨热血沸腾时就死个人，再嚎两下（此处放大回音混响音效），节奏感贼差 4、价值观混乱。一会要救地球（为了大义），一会要救家人（为了团聚），一会独自行动（违背规则），一会扬我国威（道德绑架），前段一直嚷着要回家（又不让地球末日团聚），最后再为了拯救一部分人牺牲所有人类遗产。反正我们爷俩想咋样，整个宇宙就得怎么来——这不是典型的巨婴心理么？强行反思的人工智能桥段，也无疾而终（再申——原著内容暂不知晓）。抱歉，白眼翻到烂。
74,很认同且期待中国早该出一部硬核的科幻大片。有大刘的基础，也有郭帆的实力，当然希望《流浪地球》不仅是一部有着震撼工业视效的电影，而且是一部无论在角色塑造、故事内核还是情感共鸣上都属上乘的作品。可惜，“说好要做彼此的天使”等台词以及隋凯等角色不合时宜的低廉笑料，包括抖音等广告的植入，展现了太多妥协与媚俗，明明该记得许多壮阔的天文奇景与末日气象，可脑中最挥之不去的竟然是广播腔的“亲人两行泪”？再加上一些表演的不足，情感的干涩，还是失望的。可对中国科幻片，仍会寄予希望，期盼国产科幻片的扛鼎之作，就在不远处。
75,对国产科幻片而言，算得难能可贵了。原著胜在宏大设想，电影胜在视觉特效，也改编得更好莱坞化，人物形象、对话和细节有待加强。虽是想像未来，但底色还是工业浪漫主义，许多场面说实话让我想到的是工矿和“铁人精神”，英雄气概则源自军人、市井痞气和中国人对“活下去”的坚持。虽然设想了一个超越国界的联合，但其实看不到真正意义上的“联合”，联合政府仍是单一权威，而别国的角色大体像是春晚上的少数民族。某些细节似不合理（发动机燃料竟是矿石，且用卡车远程运输），但最让我疑惑的是这个“流浪地球”构想像是匆忙上马的大政府乌托邦工程，耗资巨大还失败概率不低（如果不是两个中学生拯救，差点失败），它或许符合物理学，却似不合经济学——有这钱造1万座发动机，何不造飞船移民？
76,"电影上映恢复评星，特效三星算正常，但人物和台词就是蠢到尴尬，只要你不被所谓中国科幻大片的情结绑架，想象下要韩国人拍了这么一部绝对被喷成狗头，本片水平给三星非常公允，就是如果韩产三星最高如果国产三星最低的水平——前半段是一股熟悉的国产囧片味道，情节靠画外音推进，人物靠中二前进。后半段是一股熟悉的国际灾难大片味道。但后半段真不错，离结尾越近水平越好，人物纷纷活过来了，情节开始沿着陡峭的逻辑的轨道滑行飞向终点。。。ps, 在设定在几十年后的科幻电影里夹各种转瞬即逝的网络文化梗——从此不再只有好莱坞爆米花片那么浅薄，中国爆米花电影一旦有机会就青出于蓝。"
77,1. 出门遛个弯儿得穿戴半天，头盔裂了会被冻死。 2. 雪天开车不减速，各种侧滑习以为常。 3. 男主新人脸，亚裔，名叫【户口】，喜欢飙车。 4. 哥几个见着高楼能仰脖看半天，一脸震惊。 5. 系统语言是英文，政府大佬讲法文 。 6. 主推多元文化，一句不提美国。 7. 政府大佬面对危机的处理方式是【大伙都散了吧回家和老婆孩子呆会儿，good luck】 8. 由于距离某超大体量的巨物过近而被吸走了元气，老少爷们都挺忧虑的样子。 9. 一队人不远万里深入敌营一把火把那巨物给点了，老少爷们都挺高兴的样子。 10. 不缺能源，大火焰柱子说点就点，特亢奋。 科幻风格的加拿大主旋律献礼片，三星。
78,科幻层面没有任何想象力可言，基本就是又让我看了一遍红海行动
79,原著的奇葩和浪漫大半消失，乱哄哄，但最初三分之一还是给了我一些惊喜，作为国产灾难片可以及格，为鼓励甚至可以上四星。地下城黑市的三秒呈现我注意到两组男女互动，一是浪女憨男，一是悍女浪男，太陈旧了，太小品了，太低能了，在最该舒张人性的所谓黑市区依然是这副看饱了春晚的蠢相，中国人的压抑到底是有多深重，千年集权统治，真是不寒而栗。卡车里那段女音更可怕，那种把成人当儿童的嘴脸，以及所有角色的一切充公却依然充实的精神状态，都很熟悉，虽说高压环境令人类文明倒退到中国标准是可能的，但回想国外电影表现此类高压集权环境下，角色对自由的自然向往，本片是完全没有的，所有中国人都仍然是一幅不想挣脱框架、最多在框架内变通的顺民嘴脸。主角的脱轨行为只能算撒娇作死，和自由没有一毛钱关系，和围着家长转的乖宝宝没有本质区别。
80,如果我是编剧的话，最后30分钟就设定成地球上的人一致要求空间站自我牺牲去救地球，然后空间站顺应地面要求，自我牺牲了，但最终地球还是没有被救成功。于是流浪地球计划和火种计划就都失败了，人类再见。
81,3.5 超过预期。《流浪地球》的确开启了中国科幻片和灾难片的新纪元，无论是在哪一坐标中进行比对。它在概念和执行上都达标了，特效技术、工整剧作、演员所合力营造出了很对的氛围。 从原著角度而言，是一个带着孤独感的故事。电影采用了小说中的整体设定，但故事与人物有了新的创造，且塑造了好的主题，即对乡土情结的回归和牺牲精神。
82,父亲们一定会喜欢的电影！为人父亲的人生理想被表现得彻彻底底：1说什么都是对的；2不带孩子还能天天教训孩子：3临死前也能教育孩子。（后半段煽情点太多了，都麻木了）
83,在国产电影上的里程碑意义值得一个五星，制作与国际一流接轨，故事的史诗感甚至是21世纪科幻电影中数一数二的，为此也真的可以忽略前半程剧本的略微混乱。最后一幕真的炸了，情感牌打得好，史诗感也做足了，吴京的戏份虽然不多，但都在关键点上，最后一场戏也是煽的恰到好处，忘掉他是战狼吧，人家这次拯救全人类了。
84,作为科幻迷来说，挺失望的，想打两星，充其量就是个好莱坞平庸水准的太空灾难片。完全没有预期中的超级震撼感，因为本片其实谈不上想象力，画面、情节很多都是经典/知名科幻片的移植，甚至没有自己的风格，纯粹就是一个砸钱的工业特效大片，看不到任何新东西，无法让你产生那种神秘宇宙探索的敬畏与致密吸引力，如果你是看过很多科幻片的科幻迷，你压根不会为任何一个画面或者情节感到激动甚至颤抖。 作为一名中国观众，就觉得还是可以给三星半吧，毕竟起码特效水平是上去了，在好莱坞面前起码不会显得太low。总体而言，这与我预期中的那种充满人文、科学智慧与审美的高级科幻片，还是差了十万八千里。再次感叹，库布里克是真的牛逼，老雷是多么值得跪拜，诺兰也真的是无可替代啊！
85,流浪地球这个科幻设定非常浪漫，但执行起来却有点网飞网大的感觉。人物多且不深入，主线基本就是一场没规划的救援。导演既想做的温情，又想做一点悬疑，但两头落空。其实，这个设定可挖掘的地方很多，毕竟计划刚开始就要杀死一半的地球人，如何选择取舍其实非常艰难，之后的社会也更应该沉浸在悲伤和自责中，而不仅仅是如今的猎奇和救援。只关注科学的那一面，而略过或简化人性的那一面，难道中国科幻的最高追求只能是爽片吗？
86,《流浪地球》看完了。不差，但我看得不够爽。虽然是科幻，但是不新，只有科技是进步的，人类生存方式、社会形态、社会心理没有变化，家庭和国家也还是最传统的那种。当然，作为春节档合家欢电影，这么拍我是可以理解的，那种不太会为之兴奋的理解。
87,《流浪地球》这部电影本身就像“点燃木星”计划，用视野范围内全部前端资源去推进难产的中国“硬”科幻。质素和内核都可以对标去年的《红海行动》，春节档票房冠军已是囊中之物。可以理解大刘为什么认可这部电影，它望向太空的眼光和极高的完成度是非常扎实的第一步。也可以想象广大观众将用迎接药神的热情去迎接科幻元年，毕竟这真的是一部为大年初一“量身定制”的大片。但它只是对科幻片做了一次认真而深入的文献综述，用《环太平洋》的国际框架去囊括《银翼杀手》（美学）《2001太空漫游》（元素）《星际穿越》（情感）《地心引力》《独立日》（情节）……罗列种种熟稔的科幻母题，但没有给出足够有价值的表达。而在整体趋向灾难片的态势下，对情感的渲染是相当聒噪和失败的。所以来势汹汹的太空战狼，其实只是一个被寄予厚望的组装的健壮婴儿。
88,的确拍成了大片，production quality 还不错，然而三观严重不正：传统的家庭关系（以骂和顶撞为主），庸俗的台词，柔弱无用的女主，强调牺牲的集体主义精神。
89,这台词这人物设定看得我直翻白眼尴尬症都要犯了 简直浪费大制作
90,三星是鼓励国产分，最直观的感受是看完第一遍之后没有二刷的想法。 首先我觉得角色塑造得不讨喜，男主角无法让我产生认同，像个任性的小孩子，没有大局观。他和救援队之间的电车难题矛盾轻描淡写地忽略了。 第二是影片对于摆脱麻烦困境的过程太省略了，只有开头出现麻烦，然后就到结果让你知道摆脱了麻烦，中间的过程我不知道是怎么样的，如此一来就没了紧张感，成了流水账叙事。 还有，演讲光靠煽情讲道理而不讲救援计划，嘴炮拯救世界，实在是很难接受。
91,嘿嘿，霍金牛顿老爷子在世看到吴京哥哥的流浪地球，会气死
92,2.5 视觉特效和艺术指导是合格的，放在国片中是高水准且是令人惊喜的，同时其它方面由始至终处于濒临崩塌的边界。
93,对中国科幻而言，是一个好的开始。但技术上虽然进步了，却依然没有科学精神，没有人文素养，没有文明悲悯。男主在姥爷临死还一口一个“老东西”，真是让人最绝望的教养黑洞。
94,拍摄的角度来说可以了，美术、特效一大进步，不足还有很多。原著的概念改成宏大视角下的舍小家顾大家……旋律也就跟着正了。给予观众的解释太多，赋予观众的想象太少，过多展现特效，缺少对人物功能、动机上的铺垫，以及镜头切太快，细节有缺失。年轻演员整体太差（尤其那个程序员），放了几个很基础的致敬元素（如“HAL9000”的莫斯，陀螺钥匙扣等等），行吧。
95,拿科幻的壳子包装一个汶川地震/九八洪水大救援的旧故事，这不叫科幻。科幻的真正意义不在于此。何况这么多的硬伤，已经严重影响观影浸入感了。更何况从人物刻画到台词设计到演员调教，都是崩塌的状态，唯一一个在他的戏份里能入戏的是客串的雷佳音。说到“鼓励一下”，如此惊人的票房已是很好的鼓励，中国科幻想进步，需要的不是“鼓励一下”。
96,早早定了《流浪地球》的票，设定棒，开头燃。可惜大气磅礴的背景下，少年男女主角的性格就显得太矫情了，人物也有点脸谱化。但流浪地球的概念真的好棒！都可以拍成几季的长篇科幻剧了，一部电影讲完这一个故事已经实属不易……看完坐上车忍不住想对导演说：“行车不规范，亲人两行泪。”
97,最接受不了的是：1.科幻片最美妙之处是对未知世界想象力的营造，而不是人定胜天论的民族情感煽动。2.室内和室外，布景和CG，大远景和近景之间的连接突兀，让人无法身临其境。3.“中国科幻片做成这样已经不容易了”的称赞无外乎是在自黑。
98,国人有多匮乏想象力呢？从流浪地球的影评不难看出来，大多数人对于国产科幻电影的展望都不过只是宏大浩瀚的故事画面。至于尴尬又不好笑的网络流行段子，毫无逻辑可言的剧情转折，以及迷幻的主旋律大背景好像对于国产科幻片都是过于超纲的苛责了。加之春节气氛的渲染，该片顺利摘下国产硬核科幻巨作的标签。各位观众请仔细想一想，战狼站在宇宙中心呼唤爱的那两段科幻在哪里？？这特么难道不是剧情片？？还有刘慈欣，你不是说自己作品最吸引人的特质是冷酷但又冷静的理性吗？请问这部电影冷静在哪里？？主角加配角一言不合就疯狂飙戏，中途入场的观众如果正巧撞见近景镜头难道不会以为是在看神探蒲松林吗？最后，我希望《三体》永远扑街。
99,煽情显得太尴尬
100,7。想象力和视觉构建上有很多了不起的地方，可惜剧作上的急促让人物严重扁平化了
101,2.5 / 假如“元年”如百度百科所说意为“某个事物或事件开始发生的时间”的话，那么这部影片在人物塑造、情节推进、主旨串连、演员表演、配乐调用等基础的叙事（或是论证）能力与视听技巧方面都是配得上这一称号的，而视觉效果则比“元年”要成熟不少。一个初生不久的孩子不会说话走路，眼中却有着扁平驳杂而充满新鲜感的世界。只不过“世界”到底意味着什么，“死亡”意味着什么，对它而言还是如此轻薄模糊。然而这些实质性的成长镇痛，才是在鼓励之外必须要磨炼的内容。
102,2019尚未开春，但我预言年底各家媒体盘点，一定会把“吴京失重飘零的泪水”一幕计入年度最美镜头之列。
103,吴京式煽情太多，某些地方逻辑有缺，我很烦主角那俩熊娃，但整体瑕不掩瑜，值得一看。7-8分。春节档也就这个比较好看了。还有我真的觉得以人类劣根性这么宏伟的计划根本坚持不了2500年，五代之内就会给搞砸了。
104,那刘户口，真不是曹云金啊？
105,宇宙广播地球无望的时候 我真希望片子就此结束吧 让人类静静地面对自己的时间终点…… （引发不适的是贯穿始终的“回家”教育
106,是灾难片，但并不科幻。在科技这个类型上的叙事是节节败退的（因此我更宽容了一点《星际穿越》），地下城的景置景感太重，和《动物世界》的轮船没差，我觉得是观念和精细度的问题，外部世界我则想起了《天咒》，实在是不算太好的联想。电影的煽动能力还是很强的，毕竟把希望和恐惧都讲到了一个死生的极致，但个人角色就写得比较糟糕，情节时常依托于一个人任性的决定，无视法律法纪等等这让我觉得现代文明和科技发展后可能已经克服了的东西，写人性仍旧写不出恢弘的灵性格局，科技和灵性是同步发展的，亚特兰蒂斯文明就是佐证。我喜欢男主角的任务反转的线，当他离开队伍找到车再次踏上征途时，又和李光洁又一个互相的交接动作，确实是很扎实的一笔，但前面的我只能说他们一家人很拖累同伴。
107,虽然原著风评极高，但电影其实还是按照最常见的那套类型片的模板在拍，最后干脆用剪辑伎俩让吴京挤出了马修·麦康纳式的两行泪，相比大家的野心，吴京这一哭确实有点太没诚意了…不过放同类型片堆里，这种级别的体量除了好莱坞大概也只有不差钱的中国电影人能搞出来了，当然话说回来，想必主要还是制作方会省钱…地球部分更像是过往灾难片的元素集合，空间站部分赶不上好莱坞顶级也能把俄罗斯近几年拍的那批太空片甩远（加分项），无奈剧情上逻辑打脸的地方仍旧太多，另外，近一半的台词和口型对不上是咋回事？
108,虽然和原著几乎完全不同，但绝不亚于高二看小说时的脑补。 放映厅里60%都是独自来看这部片子的单身宅男，最后半小时，一整排人都在爆哭。 它绝不仅仅限于“中国人竟然能拍出这种水平的科幻电影”，这是在好莱坞的标准下也绝不逊色的，闪闪发光的，能被所有人长久传扬铭记的一部作品。 怎么说呢，科幻迷们这一生，不就是为了等到这样的作品吗？大笑、感动、爆哭、忘却自我、满脑子都是破音。 “前进三。”
109,以后中国还是少拍这种电影了吧，费钱。不是费投资人的钱，是费老百姓的钱，太好看了，总想看，一张票好几十，一天的饭钱了。
110,摒除当下“保护主义”盛行所附加的“降低标准”、“一星鼓励”，这就是个三星偏低水准的作品。制作层面在当下中国电影工业而言是很亮眼的，大概达到了好莱坞二十年前的水平。剧本故事完整，三幕结构加双线，很标准的路数，最大的欠缺是人物扁平，没有能让人记住的角色，（演员表现比较糟糕）也让整部片子显得有些闷。导演很粗暴也很潦草，“饱满”的配乐听上去大都是高仿的美国货，鼓点都差不多，当然这都是行业惯例，不过直男煽情还是得多练习一下。最后从科幻层面而言，这部片子“硬科幻”定义的有待商榷。
111,刘启，韩朵朵，泰山崩于前而色不变，猝然临之而不惊，地球是你们的，我不配留在这里，我先死为敬，去做天上星星了。
112,三点：一这是部献给程序员的影片；二是如果能改造一下，音乐其实是可以再加持一下的；三是，这根本是把刘慈欣拍成新海诚了嘛（不过想想其实差别也没那么大）。
113,拍出了c级好莱坞科幻片的质感，不知所云不知所踪不知所谓不知所以。生活耗尽人的热情，这部电影也一样。假大空无法使人感同身受。把中国人的情感拍的很廉价。猪队友让人生厌。
114,带着房子跑又能如何，“我们自己的”科幻片故事背后竟然如此虚无，真可谓“寒蝉凄切，对长亭晚，骤雨初歇。”首先不敢解构权力，其次连基本的人性冲突都不敢涉及，要靠着煽情和生硬的突发事件做转折。
115,一部软科幻电影就不要拿出一副硬科幻的腔调，硬又硬不起来。
116,八组吹得我忍不住去看了午夜场，实在是失望，特效粗糙，台词幼稚，人设肤浅，剧情无聊，刻意煽情……wtf，被口碑逆袭营销路线套路了。一星给全片最佳扮演者——空间站控制系统Moss！地球都快毁灭了，只有Moss在扮演着科幻片的角色，其他人都还想着回家过年:)“moss从未叛变”全剧最苏
117,柏林和FEST间隙终于补上了。实话说原著党表示不太喜欢剧作，片子充其量也只能算是《流浪地球》选段吧。就电影而言，做成少年向是非常对的（郭帆的青春片底子用上了），找的视觉参考其实是[环太]，而同时又致敬了[2001太空漫游]也是很不错的。但是剧作还是有问题的。就影片而言却是值得一吹，四星妥妥的，但是场外因素实在令人不爽，尤其外交部和宣宣介入之后这个事情的性质已经变了。从这个角度回到文本倒是能看出一件趣事，为什么只有中国人才能救地球，因为社会组织方式啊，所以影片里面（令人绝望的）未来与当下中国社会形态的高度近似感本身是有着明确意识形态指向的。
118,保守点儿说可能是我国前后5年内的科幻电影高峰了
119,题材够宏大，特效够震撼，但是传达出的那种价值观让我浑身不舒服。
120,看过超前电影场，泪点很多，主要在片头片尾上，前头写着“原著：刘慈欣”，片尾直接围绕一本《流浪地球》原著做了一段蛮带感的CG，而大刘就坐在前排，经历着自己的第一次。我没收钱，实名打四星，不是友情转发，跟大刘和郭帆都没有友情。
121,大刘的想象力确实没的说， 可惜不够硬核… 对于天文物理学专业的我，研究广义相对论。 这些剧情属实弟弟…，
122,燃到飙泪的地球救援，绝望与希望的救赎之路。更重要的是，这是中！国！科！幻！电！影！
123,《流浪地球》已经解决的问题：1.解决了国产商业科幻电影的自信心问题，由此国产科幻通往投资和市场的大门敞开。2.铲除了刘慈欣这个宝库通往顶级商业运营的障碍。3.减轻了以往类似文本的民族性与国际性非此即彼的尴尬，提供了一种大部分国人能理性接受的解决方案，国际上能不能接受目前还不重要。4.培养了一支能继续做下去的技术团队。基于以上四点，《流浪地球》足以留史，功德无量。《流浪地球》还没解决的问题：1.特效与视听语言的结合问题。特效会做了，也形成了自己的办法和思路。接下来要探索怎么引导观众去看画面，怎么在视听上做好情绪的收与放。2.宇宙题材不可避免要学会怎么更真实地展现空间与时间。近与远的对比，大与小的对比。宇宙有多可怕，人与天斗的精神才有多可贵。这两个没解决的问题，好莱坞也没多少人能解决。哈哈。
124,1.80%末日灾难+19.9%太空歌剧+0.1%赛博朋克，执行不可能完成的任务。从世界观打造和特效来说比预期好太多，小毛病有，大方向是国产科幻片的一次突破。 2.同声传译、春季设定这些点考虑得很细致，甚至很多点感动到了我，但是节奏有问题，煽情点太多，这个情绪还没推向高潮，紧接着来了别的。饰演朵朵的演员的演技、电影台词太差了，每次旁白出现我都希望他闭嘴。总体值得鼓励。 3.郭帆自己也说，本来想参考《星际穿越》，结果发现“美学上想要达到中国观众语境的包装太难了”，所以在实际操作中，最有参考价值的是《银翼杀手》。因此观众能发现地下城的景观是有赛博朋克影子的，但郭帆把它本土化得很好，没有香港的感觉，更内地。“亲人两行泪”是个惊喜点。
125,看《流浪地球》的过程中，眼前依次浮现出《后天》《2012》《星际穿越》，出乎意料地，完全不输好莱坞的后期特效。作为2000年就开始在《科幻世界》的银河奖征文里追随大刘的读者，这部电影可以说是比较让人自豪了。《红海行动》在2018年票房有多好，《流浪地球》就有可能卖多少。
126,真的，就是没有美国人。
127,北京的天空哪能看到星星啊
128,3.5。歌颂“集体”但不歌颂集体主义，这个核心从韩朵朵成为“希望”符号引领世界性同心同力、而“权威”明确给予了所有人选择公私的权利起，就已经圆满输出了——这是我选择拥抱《流浪地球》最重要的原因：在一言难尽的美学和概念杂糅之外，这是真正值得骄傲的那份中国特色。文本上的这一抹辩证之光，无论是对比位于天平两端的《红海》和《战狼》，还是放眼到新世纪的华语工业创作，都是在题材、视效之外同样值得珍视，且不可忽视的一点。吴京的角色如果最后能多一点《星际穿越》式的“知性”权衡，少一点燃情为先的无畏，这层包裹在强国外壳下的修正表意一定会更加完美。再说其他基本就都是赘述了，认同没什么好黑，但也坚决反对黑不得。
129,特效没什么好挑剔的，但科幻电影也不是只有特效吧。文戏太硬，像一只没炖软的鸡。熟是熟了，但吃着太累，吃完还消化不良。在男主的衬托下，吴京的表演可以说得上是真挚动人了。（我爱屈楚萧！
130,我其实对这样的孤胆英雄靠着死马当活马医，怎么推想都不靠谱的方法，拯救地球这一套，早就不感冒了，地球大概也像猫一样有九条命，不过这都被拯救了N次了，大概这算是奇迹（抑或神迹？）！ 基本就是中俄哥俩好，拯救地球的故事，不过苏联老大哥提前挂了，所以只能靠中国了（不过联合政府话事人看来还是俄国人，算是安慰俄国佬？），果然日本人关键时刻就想着自杀，这回算是没有剖腹，是用枪，美国佬(救援小队)最后才露了一下“声”（没看见脸）。 故事平舖直述，缺乏令人意外或者特别的剧情转折，人物性格塑造一般（女性还比较刻板印象，爱哭，需要人照顾），那位哥哥刘启给我的感觉还有点地痞气（大概导演误以为这是个性？）。价值观上算是没有硬伤，但是像白开水一样，平淡无味，缺乏深度，大概就是在绝望时刻，不要放弃希望。（可以与……
131,瑕不掩瑜，跟白蛇一样，国内技术已经顶尖了，但是剧本还是弱项。
132,中国科幻电影都可以了 ，留给中国男足的时间不多了。
133,一匹披着科幻外衣的战狼，一场打着地球主义旗号的爱国主义救援行动。 空有一个科幻设定，缺乏该设定下的大量社会生活和人性细节，使得该设定成了一种强制概念，甚至无异于架空。 最后的成片其实与科幻无关，只是换了模样的限时救援，真的没必要吹上天。 工业上的意义值得肯定，那就肯定。说是中国的科幻元年，还差一步。
134,"1.救援队在上海的时候被导航坑了，从东方明珠绕了好久才绕到环球金融中心。2.不如叫《地球最后的一晚》或者《drops of Jupiter》。3.俄语有加分，带来加加林的火箭在外太空的感觉，但后来法语用得让人懵逼。4.只是代表电影工业又上了一步，以后这样的片子应该会越来越多，自high程度有点过头了，说到底影片的内核还是好莱坞的，或地心引力或世界末日，表面made in china,却不是中国芯。"
135,像是一个合格的面子工程，大致的世界观搭建得没问题，在看的过程中也成功被“唤询”，所以三星还是有的。但诚如一些批评所言，此片的剪辑很奇怪，有好几次时间交错或动作复杂的戏剪得让人看得晕极了。而且没有中国特色，从故事情节的组接到回家主题，都在学习好莱坞/经典科幻片。可这明明是部中国特色社会主义的灾难片啊——科幻想象从旁白褪去就散了。接下来的，就是牺牲－前进－再牺牲－前进，混上朴素的cosmopolitan（比如初中生深情广播动员全球）和“大跃进”式的中国神力，用知不可为而为之去嘲笑工具的智慧预测（不得不说这里很粗浅），有着很多粗糙的毛边。当然最大的疑问是，社会主义灾难片（或者扩大到所有类型的电影）的“历史”是不是在大跃进时已经迎来了“终结”？
136,整体观感远高于预期。影片尽管不可避免地还存在各种问题，比如人物单薄（这几乎是所有科幻片的通病），叙事有些平、节奏有点赶，导致很多燃点没炸响，高潮不够给力震撼……，但作为首部国产科幻大片，《流浪地球》不仅完成度很高，其背景设定、风格基调及场面的大气恢弘，及美工、视效的用心考究，一下把国产科幻片的门槛拉的非常高，而口碑和票房的双丰收也为国产科幻开了一个近乎完美的好头。有感于此，特打5星予以支持。
137,多处致敬卡朋特和库布里克，算小京喜。
138,还行，因为国产科幻有了开始就是进步，事实上国人在历史剧长期的沁润下，完全未来建立一套独立的科幻思维和科幻文化，一开始以为国产的是星际穿越，看了一半是天地大冲撞，看到最后发现是木星上行。 电影前半段的故事非常的紧凑和扎实，剧情层层展开，穿插的回忆也相当的不错。到最后反转出现了意料之中的部分坍塌，强大的主角光环和只有小孩拍脑袋的想法逃离引力的反转生硬而且难以说服观众。人类对于宇宙天体的运动是渺小的，人类要撼动天体运动轨迹相当于蚂蚁要把一个大象举起的难度，即使有科学帮助也是杯水车薪。点名批评几处电影细节，都有了地球发动机地下城、基因遗传这些前卫的科技，教室的质感简直是21世纪初的环境，连我们当代标配的多媒体设备都没有。不要认为每一处细节是可以忽略和忘记的。好莱坞优秀佳作就是靠这些细节取胜的。
139,类似中国版的好莱坞科幻大片，双线并进的叙事、最后一分钟营救、孤胆少年丧失“导师/父亲”后的成长与力挽狂澜、凭借爱的力量超越纯理性计算来拯救世界等均是世俗神话标配。尽管剧作&台词（各类尬点常突然浇灭酝酿好的情绪，妹妹角色几近多余）、剪辑（电梯戏最为混乱潦草）、配乐和表演都有许多问题，但按我在电影院的观感，本片仍然属于值得一看的。在套路和尴尬煽情之外，有几处情绪仍旧踩到了正确的点，荒凉与绝望的氛围甚而胜过了最终大团圆的喜感。视觉特效尤其出彩，各种科幻电影的影子都汇聚一堂，比如《2001太空漫游》的Hal，《银翼杀手》似的颓废地下城，以及《后天》式的冰封世界等等。或许，我们的国产科幻片仍有长长的一段路要走，但这片的确带来了些许希望与曙光。（8.0/10）
140,如果没有办法在科幻电影前，必须加上中国的话，那么这部电影确实在特效上做到国内目前为止的最好。但，如果放到国际，请各位扪心自问里面的特效，置景，甚至服装造型，有哪些不是在近十年科幻电影里出现过。甚至连开场设置，特效，几个关键人物都多少“致敬”了《环太平洋》。很遗憾，一部没有丝毫创新的电影，同样也无法接受它被某些影评人称之为所谓开启了“中国科幻电影元年”。更为难接受的是电影内核的价值观，无法苟同。没想到都2019年了，还是“人多力量大”和“活着”的充斥在银幕里。
141,拍一部国产硬科幻很不容易，既要在视觉效果上过硬，营造俯瞰式、浸入式的宇宙奇观，饕餮早已被好莱坞喂饱了的影迷，又要在世界观、宇宙观上符合国情，为中国人找到一席之位，《流浪地球》显然是过硬的，两方面都达标了，特效营造的末日奇观令人叹服，中国式的“拯救”观念，有四海之内皆兄弟的大局观，又兼顾了小家庭的温暖幸福。希望这是一个良好的开端，会激发国产科幻片的创作热情，带出更多优质佳作。
142,别的都挺好，主要是受不了作精兄妹和中二父子，这里扣两分。对演员都没什么意见，故事有bug但也还ok，特效做得蛮好的，但是画面略晃3d看得有点晕，音效不行、配音感太强。加分减分后只能两星了。之前不想参与混战，现在看着风声过去了，还是回来打个分吧。
143,对我来说，基本上全程尿点啊，几次看表，想知道啥时候结束。剧本的文学水平打个零分不过分吧？人物全部扁平，没有丝毫个人魅力。燃点不燃，笑点不笑，泪点无泪。拼尽全力打了个三星：一星给刘慈欣的架构，一星给视觉奇观，一星给所谓的“中国科幻元年”。毕竟是开荒之作，鼓励一下吧……
144,和大刘一起看的内部亲友场，感动！中国科幻电影的元年终于他妈的来了……
145,建構世界和特效上看得出非常用心；然而「戲」和「人物」卻都處理得欠佳：這麼多人的群戲，大多數人的casting都令人記不住，年輕主角的表演更是雪上加霜，讓人覺得面目模糊，尤其是吳孟達在電梯那場戲，非常混亂。這部戲的成功在工業上的意義重大，可以鼓勵更多相似題材的創作和技術提升；但技術並不是一部電影最重要的，電影敘事的基礎是「戲」、「人物」及「價值觀」，我對這個電影的好感在初中生演講和戰狼撞木星後幾乎消失殆盡，在宇宙、文明這樣普世的命題面前，真的沒必要矮化老外和全世界文明，獨把中國人塑造成懂得捨生取義的孤膽英雄。如果能少一些借家國情懷帶出的煽動，提防民族主義的情緒，輸出一些真正的「價值觀」，那才是文化自信的表現，我想到時中國和中國電影都會變得更好，共勉之。
146,中国宇航员开着空间站撞木星，这不是《全频道阻塞》嘛？视觉效果可以的，但剪辑有重大问题，吴孟达和李光洁都死得很突兀。其实地球快挂了，要不要最后赌一把我觉得根本算不上问题，肾上腺爆棚自然就上了，救援队几次想半路解散才莫名其妙，要是人类都觉得自己不值得救那灭亡也不是什么坏事。倒是掌握地球一切资源的联合政府想出来的办法就是让空间站抛下人类而逃，危机被一个翘课学生灵机一动解决了，看起来倒像是讽刺联合政府一样。联合政府唯一的用处就是把要散伙的救援队喊了回来，如果没有随时散伙的小农经济思维这个假想敌，联合政府该如何自处？这就人性悖论与意识形态制造的虚假人性悖论间的区别。问题在于，人性自有尊严，完全可以从各式各样的意识形态手中取回自己。
147,特效确实值得赞，也确实是翻开了国产科幻片的新篇章，毕竟看了会有“其实我们也能做到”的骄傲，但对于“科幻元年”持保留意见。剧本仍然是硬伤，大部分人物没有立得起来，人物行为动机和转折几乎没有逻辑背景驱动可言，煽情位置都非常明显所以很尴尬，而且从人物设定就知道人物的作用甚至生死，就算导演特意淡化个人英雄主义，却仍然很多金手指，到后半部分WJ出舱后剧情开始崩盘，加上你根本猜都不用猜就能知道的结局，所以毫无紧张感，更别说共情了，赞同评论那句“硬要科幻和硬科幻是两回事”，但国产科幻片以此为开端，以后的发展是可以期待的。
148,神经一样的人说看到影片切出来made in china所以是烂片。三问made狗：1）为什么中国人或亚裔不能在科幻大片当拯救地球的人，是你被美帝文化洗脑还是你种族歧视？ 2）为什么作为天宫发射国宇航大国，我们不能有made in china的空间站？ 3）为什么我们建立文化自信之初，不能给自己打打气。人还允许哪怕稍微有点自恋，祖国就不可以吗？
149,只能说入门了，但没新意（能看出n多经典电影的影子），而这类片子就怕没新意。影院里没有战狼起立鼓掌也说明了片子一般。
150,在符合国情许可的幻想大前提下，渲染家园家国乃至家球情怀之外，难得地讲了一个少年救世界的未来故事，也算是一种有中国特色的中二。
151,除了小女孩广播那里无败笔。广播那个部分台词写的一般，小演员的功底也很成问题。
152,为中国现实折射场景中的黑色幽默打五颗星。前面硬刚的地方够坚挺，最后讲人物情感和煽情的部分还是泄气了。
153,目测即将有一大波中国式土味科幻大片
154,特效不错，剧情和节奏差强人意，情绪调动我觉得还不如《战狼2》。努力和突破值得赞美，但是没必要过誉和捧杀。千万不要带着《星际穿越》的期待去看片子，请调低期待；更别说和星际比就是非蠢即坏，既然是相对放开的市场，为什么不能比？我劝你善良。我希望观众能为浩瀚宇宙而流泪，而不是刻意煽情。
155,台词用力过猛，基本达到了高考满分作文的水准……其他还可以
156,技术有没有赶上好莱坞不是太关心，剧本和意识的差距还是相当地肉眼可见。人物、逻辑、关键戏的台词都好想重写一遍，但战狼式的精神内核真的扳不回来。 关上门也许可以自我鼓励一下，要走出门的话，大家都继续努力吧。
157,中国科幻电影导演对节奏、感情戏的把控力和演员的表演跟不上特效技术的进步啊！就像刘慈欣的小说人物和情节塑造也跟不上他的想象力一样。 演员中表现最好的是杨皓宇，就是拔线抽烟的那个人，别人的表演都像是演过《战狼》，或者近十年春晚小品似的。 #可看。但电影要是结束在撞上木星毁灭那里就好了……是的，我就是个丧货。#
158,格局太小，缺乏胸怀，概念上老生常谈。故事不错，台词露怯。最值得称赞的是视效，画林是家好公司！
159,格局之宏大，华语科幻实属罕见，辽阔、感人、激动，当然不得不说是幸得大刘原著之福，大灾难背景下，情、救赎、信念、牺牲…真是科幻永恒的内核和精髓。最后，流浪地球可能不是最好的科幻电影，但绝对是华语科幻最有里程碑意义的一步。
160,格局宏大，特效用心。与美式灾难片想传递的那种“一个都不能少”的精神相比，刘慈欣监制的这部片试图假设在一个异常极端的环境下做出取舍，最终的结果是:用现在保将来，舍大人保小孩，舍单个个体以保住整个团队，牺牲一个团队以保住整个族群的未来，这种情况下就非常依赖这种少数个体的自我选择以及自我奉献、英雄主义精神乃至于刘培强那种不惜一切代价的近乎于“神风”式牺牲精神（不然就像刘培强通过舍弃妻子来保住儿子的生存权一样就会遭遇不小的伦理问题）。对于希望的意义、父子代际之间的冲突问题等等这部片子也有所涉及。总体说来虽然这部片子传递的味儿很有种“东方式集体主义”的味道，但是没什么社达味。
161,?「我去看《宇宙战狼》了」………「真香。」?携父母去看的3D IMAX，虽然后半段人人都嗷嗷喊+疯狂煽情实在有点受不了，但是很值得再加一星鼓励国产科幻事业。?这样做的确是顶死冒友邻间政治正确之大不韪的，但至少和其他片子一样，真的看过之后再打、服从观后感受不跟风不双标，最重要的是没有收钱，所以也没什么见不得人的?设定是很浪漫的，素质超过预期，战狼度低于预期。不过里面有很大一截吴京斗AI的段落完全是致敬（照搬）2001宇宙漫游的故事呀……这一点太明显，太值得商榷了。?话说，我大学的时候就认识个山东济宁的朋友叫Tim，结果这里面也有个Tim关在山东济宁监狱里面23333看的时候就在爆笑，简直是大学哥们中间猪年最大的梗了
162,特效上的确不算尴尬了，可动作戏的执行每场都尴尬，我反正是看不懂前因后果实际都在演些什么，趁着卡梅隆客套夸赞几句的机会赶紧去拜个师吧
163,优点和缺点同样明显…优点就不说了。缺点：这线索交待太tm乱了，高潮场面混乱到无厘头，这样居然也把故事讲下去了…几个大的煽情场景感情酝酿得都太差…最关键的，真的不是要黑吴京，全片属他最尬，演技就不说了，这念白，大陆演员念白差成这样也就小鲜肉了…要能换个强一点属性的爹，绝对是一部值4星的片（含鼓励了）
164,有库布里克1968年的经典在前，一切对此片所持的赞语都应节制。我感兴趣的是“火种”计划的既定程序和地球联合政府的叙事位置怎么摆，这其实是片中一直很模糊的地带。 联合政府最后用法语同意吴京的冒险，是“理智”之外的情感弹性的显示吗？这个意义上，刘户口和吴京之间，吴京和联合政府的指令之间，是个体和父／法间的和解-妥协的故事~
165,屈楚萧就是我的小狼狗，请把我从北京一路顶到木星，谢谢！
166,一句话:不像中国人拍的。
167,去看流浪地球吧。 一定要去。 如果可以打两百分的话，我打五百分。这不是什么“中国科幻片能拍成这样不错了”，这是有机会竞争影史前十科幻电影的片子。 真正的大刘原创级别剧情，真正充满中国内核却又可以连接世界普世价值的电影。 最后二十分钟我是哭着看完的，为了剧情，也为了中国科幻总算他妈的混出头了。 为人类，致敬。
168,煽情煽到恶心。本来忽略硬伤，三星也还是有的。
169,1. 视觉呈现足够真诚细致，足见我们在工业硬实力上终于储备了像样的产能，值得肯定；2. 编导演，都在及格线上下浮动，足见我们在软实力方面仍然长路漫漫；3. 科幻作为一种独立的文类，在于其超拔于日常人类视域和道德、有时近乎冷酷的宇宙观，用科幻的外壳讲一个被地心引力牢牢箍住的道德故事，泄气了；4. 想想，我们丧失一半的同类，蜗居地心，飘荡宇宙，仍然要穿那么丑的校服、打那么乱的麻将、过那么疲的春节……就想问，活着还有什么意思？
170,所有的主演情商都好低噢
171,有没有觉得，这个电影的叙事非常不清晰。分镜混乱，几组人物分头行动时，没办法知道谁在干嘛，电梯救援一场特别明显。剪辑问题太大了，节奏和视角切换都很混乱。大概念好，但真的不要再吹工业啦，这样的剪辑和叙事，都没有达到工业标准，吹吹概念就好了。
172,3.5 主要也就剩下编剧了，视听水平等同网大，制作层面还是有一股比较浓烈的廉价质感，从美术到灯光到音效都不太合格，尤其是木星冲击波达到的时候，以为会是惊天大冲撞（至少宏观上是这样的），结果所有东西掉在地上软趴趴的，毫无撞击感，轻柔得让人出戏。当然你可以说是钱的问题，但这是一个万金油理由，钱不够也有钱不够的拍法。如果说这样的作品是一座里程碑，那实在是一座有点简陋的里程碑，见证历史的我只能感到没有满足的失落和遗憾。
173,牛逼！太牛逼了！原著的恢宏气势基本保留下来了，剧情真的不输那些好莱坞软科幻大片，比《降临》《湮灭》这样的硬科幻改编也有过之无不及。吴京戏份其实不少，出钱又出力，对国产电影真是大功一件了。要说唯一的瑕疵就是那个韩朵朵，演技和台词有点尬。
174,祖国强大了，可以拯救地球、让地球走有中国特色道路了。
175,今天终于看到成片了， 是不期而遇的喜悦， 难得的一个好作品， 吹来一股清新之风。 在美学上， 在风格上， 在类型挖掘上， 群像叙事，多重关系，复杂矛盾， 在视听里， 在色彩里， 在最本质内心里， 积极阳光，温暖向上，很正能量。 章回体的形式， 多声部的结构， 组成一个和弦， 又不横向争执， 每一个镜头都很给力， 每一句台词都很到位。 节奏明快，浑然一体，色彩纷呈， 特别考验导演功力， 是一次特别的制作， 有一种特别的价值， 充满时尚性和青春感， 特别适合主流观众看。 创新意识的电影新作， 至真至纯商业艺术片， 给中国银幕带来新气象， 明年一定要参加金鸡奖。 第二届美国加州帝王国际电影节最佳影片奖 ——《流浪地球?逐梦银河系》
176,还是不错的。设定、特效、画面。其实所有的类型故事都缺中国背景，所以能在灾难片里看到东方明珠和大裤衩是很开心的。试问谁不想看自己熟悉的东西出现末日景象？倒塌的纽约和旧金山多羡慕人啊～光这个就值了。另外也希望票房大卖。这部能赚钱的话，就能看到更多的中国科幻电影了吧！
177,2019年看的第一部灾难片。强拆主题，真·种花家国情怀。
178,刘启和刘朵朵逼话特别多，一度希望他俩能闭嘴，把整个电影都弄肤浅了，京王还是厉害，比战狼里好一点
179,整个科学理念都是wen ge的人定胜天产物。带着整个地球到处走，就像这个民族带着五千年的垃圾文化（孔孟强盗厚黑）污染宇宙而无法自我更新和超越一样。
180,年初一@上海华谊中心 战狼版白鹤，四弟减一星（真实地差点吐了??
181,竟然真的还不错。气势恢宏，庄严肃穆，至少构建了一个实打实可信的科幻世界。在浩大宇宙面前人类的渺小和无知，在世界末日面前人类的团结和合作，在无限未知面前人类的真挚感情，都展现得不错，甚至可以说令人动容。。问题也不是没有，特效质感差，台词念白生硬，人物也不够饱满，演技还是有点尬。。不过终究还是当得起中国第一部硬科幻，至于能不能开启中国科幻元年就看后来者了。至少开了个好头。
182,特效不错 剧情硬伤
183,台词尴尬，吴京演技尴尬。特效看上去宏大却显得空洞廉价，没有细节。叙事在完成任务而已，打动人的只是设定本身具有的悲壮感。
184,想吐槽的地方很多，但其实算是春节档里不多的想正面肯定一下的一部片了，一些地方很有诚意。没想到里面的吴京不是最讨厌的，而且他最后爆炸了，可以给个不吹不黑、中正平和的三星好评了。
185,1.夜空中最亮的星，那是吴京； 2.第92届奥斯卡外语片中国内地申报电影稳了； 3.五十六种语言汇成一句话——点燃木星，牛逼。
186,【C+】补标
187,硬打硬的科幻硬是被拍成了家庭伦理剧，真的恶心要死，这一家子直接改变了地球的命运？还有没有点对自然的敬畏？对科学的尊重？联合政府毫无存在感，吴京一个人顶两个。看了一半总想着户口什么时候死，到最后竟还当上了官？不想多说了，科幻片从不是这样的。
188,看到吴京戴上同传机忍不住笑出声
189,仿佛看了一出国产家庭伦理剧，从头到尾，所有的人都在吵啊闹呀，震得耳膜疼，演员的演技为零，瞪眼睛、吼、咧嘴皱眉三板斧，装傻充愣白痴化。编剧逻辑混乱，一步一坑，台词尴幽尬默，丢人现眼。水平不够，爱国来凑，出品方在做情怀绑架，在耍流氓。友邻们不必去影院看的，等下线后，如果好奇，有会员的去视频网站瞅瞅，没会员的就算了，不看不可惜的。#友情避雷#
190,大概只有中国人会想拖着地球一起走，带着家园而不是选择抛弃它。
191,看了点映场，看之前是很忐忑的，生怕很糟糕。看完觉得超越期望，很恢宏。改编很多，但总体合理，很多中国元素但不违和。大刘现场在看完后说，“中国科幻电影从今天开始真正启航了”，戴锦华说，中国科幻元年从现在开启了。
192,木星它做错了什么！！！【好好一个灾难片天天闹什么硬什么科啊，根本不科，硬不起来的… 【想夸一句特效的确拿得出去结果看到字幕一大片Weta工作人员名单，行吧呵呵【请仔细思考你感受到的感动是剧本煽情结果还是真喜欢宇宙洪荒【求求你们去看看《苍穹浩瀚》吧，也就强上二百五十倍吧
193,2019.01.20，No.9，CBD万达，刘慈欣亲友场超前观影会。需要平复一下激动的心情，整理好想说的话，因为想说的太多太多，迟一些吧。简而言之就是，我要吹爆《流浪地球》！我不是科幻粉，甚至也不是大刘粉，但是看《流浪地球》的时候一直在想，卧槽我特么终于可以拍着胸脯摸着良心让亲朋好友们去看，因为这部电影真的太特么牛逼了！特别特别稳，重新定义中国大片，重新定义中国电影工业水准，中国科幻电影第一炮绝对可以打响了！郭帆导演成了！向参与过《流浪地球》创作过程的全体人员致敬，所有人都在经历中国科幻和中国电影的里程碑！
194,希望这只是一个开始，科幻元年但愿名副其实。
195,我儿子说：必须五星！但是我觉得客观来说也就是三星半吧。人物塑造实在太尬了。至于说中国人也能拍硬科幻啥的，是挺不容易的，但那跟电影本身也没啥关系吧。
196,这电影…剧本打一星，应该毫无争议吧（开头那节语文课可把我恶心吐了），演员打一星，也毫无争议吧（你京还真不是里头最烂的）。价值观云云，用最宽容的视角来看，恶臭可能还不至于，但无非也就好莱坞那一套，只不过反一反而已，充其量只能算翻译，三星了不起了吧。至于“画面”，我从来不觉得CG动画和电影的画面是一回事，但既然很多人觉得“看得爽”就等于“画面美”，那么便宜一下，给个四星咯。平均一下，二点二五。出于“是拆腻子国产片就必须鼓励一下”的原则，外加对被球卫兵们羞辱骚扰的恐惧，可以勉强加到三分。横向来看，鉴于给战狼打的是一星，这部拿三星也算公允。当然由于我心目中战狼其实是负分滚，所以这部么…
197,在巨大的人类灾难面前，一切都不复重要。但人类面对绝望时徒劳的，甚至是愚蠢的爱，希望，勇气才更加熠熠生光。宇宙没有意义，人类却能赋予自身意义。 让人类保持理智可太难了。所以我打五星也挺不理智的，电影有很多问题，但是我是真的非常喜欢。世界观的设定太棒了，让我看到了很多的可能性。
198,优点和缺点都很好莱坞，为什么至今没看到“魔改”这个词？好莱坞大片已经四平八稳到，所有反派都是虚构人物，且都是个人品质恶劣。本片的坏人竟然是木星！没有一个人类反派，这是求生欲多强啊？
199,京味十足让人尴尬（是北京不是吴京）
200,特效还行，剧情是什么鬼！没几个人做事是合乎逻辑的，一个个莫名其妙。感觉这部片子就是学美国大片“画虎不成反类犬”的产物。为什么要在灾难片里尬笑？而且，根本就一点儿都不好笑。结果既丢掉了面临末日时应有的严肃庄重，又没有一点幽默感。唯一看着顺眼的是吴京，至少是个正常的人类，除了最后那个奇怪的站不住脚的决定。其他人要么歇斯底里，要么油腔滑调。最讨厌的是刘启，我恨不能冲进银幕一巴掌抽死这个小屁孩。长着一张欠揍的脸还总是自封“天才”，要多恶心有多恶心好吧。最后，都流浪地球了，还要忍受新闻联播和到处可见的煽动性标语，这特么才是最大的灾难好吧。
201,说实话我有些震撼 一开场的地下城我看着就非常有与之前中国电影不一样的感觉 还有“饱和式营救”非常合情合理 值得打五星
202,楼上那位说什么煽动妄想的怕是个外国人吧 中国的神话本来就是大禹治水精卫填海夸父追日后羿射日 拍个科幻片难道不应该遵循自己的传统文化？？？
203,国内拍绝对要毁，不是说国内没有好导演，好编剧，好演员，而是国内缺少踏踏实实做电影的电影人。国内特效，资金，电影工业懂的人都知道不比好莱坞差的。 我收回这句话，流浪星球刷爆！中国科幻万岁！ 然后我把话筒交给“京学家”你们黑前能看完再黑吗？
204,对不起，不好看，国产科幻片任重而道远。你说一个没受过任何训练的小屁孩顶着主角光环叫嚣着“哥是个天才”拯救了整个地球，我还想说姐上辈子拯救了整个银河系呢！
205,请把《三体》安排上！
206,好看！完全不逊好莱坞一流科幻片，终于国产科幻大片也有今天了。设定，故事，美术，一切都太刘慈欣了，原汁原味的重工业大尺度冷硬中国风大刘科幻。
207,《三体》照这个路数拍就不会是烂片……
208,有惊喜也有遗憾。这部电影证明了—— 1、中国导演在技术层面完全有能力拍出不逊色于好莱坞科幻大片的特效场面。2、他们对于故事内核对于人性和人类情感的理解，仍然停留在狗血家庭伦理剧＋革命英模样板戏的陈腐套路中。当最后高潮阶段男主他妹颤抖着朗诵出一篇女初中生作文时，终于没忍住笑场。刹车时代，逃逸时代，流浪时代，流浪地球是可以拍成系列的宏大设定，有点可惜了……
209,“科幻版《红海行动》”+“太空版《战狼2》”。最后，还是靠“战狼”拯救人类。的确，这一次，国产科幻片的技术性问题是解决了，也给国产科幻片开了一个好头，剩下的，请继续加油。
210,吴京分泌泪珠那段扣了两颗星。
211,是中国科幻电影的里程碑式作品。它彻彻底底把国产科幻片，大幅度地推进到了一个全新的高度。即便是放在国际电影市场中，这样的水准也是足够了的，而且比较体面。它有着《三体》式的悲悯、硬核与史诗感，虽然体量上无法跟《三体》相比，虽然整体跟世界顶级科幻片仍有差距，但它真正点燃了国产科幻电影的新希望。加油！
212,要说是中国科幻的一座里程碑是绝不过誉，出色的奇观场面和相应的逻辑推导都是国产片的一次壮举，更值得一提的是终于让观众看到了中国城市也能像纽约、洛杉矶那样“遭殃”。主旋律当然还是有的，但是用更为感性和易于接受的亲情所包装，虽然煽情的过犹不及。不足之处也很显著，比如过分功能化的配角不停靠死亡来推进情节，地下城的场景也过于简陋，人物塑造失真浅薄，但都无碍此片在制作上是一次实在的飞跃。
213,讲两点足以打动我，第一，父子关系。愈发怀念我在天国的父亲，遇到这种题材的电影都会忍不住泪水。第二，红色警戒苏联式样的暴力美学，也体现了当代基建狂魔tg的特色，数以万计的工程师科学家为了项目日以继日前仆后继不计成本，饱和救援的方式，我也是其中一员，代入感很强
214,三星半吧，基本在预期之内，国产科幻片交出这样的作品已属惊喜。实际上这片子所有的优点都是对原著精华的继承，片子成功，大刘功不可没。有原著打底，剧情没有太差，特效也还不错，但缺点仍然十分明显。首先人物的情感纽带太薄弱了，父子亲情基本靠道具（如照片）和闪回渲染，毫无张力；其次，人物塑造得太差，演员没有一个演技到位的，小姑娘做作，小男孩过火，吴京好像随时要给你上一节思想教育课；第三，不是不可以煽情，但煽情也需要水平，最后点燃木星的段落因为过于频繁的煽情，变得拖沓而矫情。
215,满分。谈科幻情怀、谈中国人的情结其实是没有必要的，这毕竟是一个见仁见智的问题，但是从技术上来说，它是一部已经成熟的商业科幻大片，只有在这个方面看到了成功和盈利的希望，未来中国市场上才有更多国产科幻片出现的可能，因此，我给它满分。
216,标准定这么高，给国内科幻同行留点饭吃啊
217,问题太多了，其中最受不了后期配音连口型都对不上。人类才是原罪，不如灭绝了的好，还宇宙一个清静
218,跟看《白蛇缘起》是一样的心情，开心。画面质量国际水平，成片整体相当完整，诚意绝对接收到了，如果这是起点，那相当高了，说是中国科幻电影元年，没问题。流浪地球的剧本本身没有大问题~比较标准的类型片流程，最后的多重转折也有颇出人意料的地方，很多属于直男的浪漫（这里是褒义）让人颇心潮澎湃。有些问题，比如开头进的太快了，铺垫还是不太够，各种意义上的不够；群戏有点失衡，配角太多，刻画分散，导致大多酱油，吴孟达这个角色作用也弱了；大部分非推进情节的台词都比较弱，尤其是朵朵的全球广播那里太口号了，有些尴尬，这里其实是煽情点，要么热血，要么走情感，应该效果都比现在要好；剪辑部分，有一些情节点比较乱，也有一些bug。但是流浪地球值得7-8分，如果这是好莱坞片，有6分。最后说一句，打一星的朋友，真的有点过分了。
219,1.关于剧本改编：可以当成是在太阳氦闪背景下的原著姐妹篇，剧情和原著大不一样。 吐槽说感情戏不科幻的盆友，我求求你们可别装科幻迷了，刘慈欣、王晋康乃至国外近代科幻小说家，再硬的科幻小说，没有人文关怀有个屁的意义。 虽然改了原著，但是这是大刘自己参与的，因为原著确实不适合拍成电影，emmm我觉得跟风说改编太多的人到底看过几遍原著，或者有没有看过？ 2.说政治正确的（一波是个人英雄主义、一波说人类命运共同体，我觉得他们可以自己撕一撕）。这四部变形金刚原作里根本没有美国政府啥事，银河漫游吗、星际穿越不也要一个主角？电影嘛，不这么拍你当日日剧呢？ 3.说不够硬的。我只想说，你给我世界上找任何一部科幻电影，我都能给你指出他至少五个不符合科学的地方。科幻不是科学，OK？ 吔屎啦雷
220,少一点史诗感，但还是五星！
221,妹妹开着全球广播声情并茂地发表了一番个人感悟心灵鸡汤后，外国人纷纷落下泪水，鸡血充满身去援助。至此此片苦力维持撑着的“大片”感终于回到了本来的小品面目。多次连贯的旋转镜头被剪碎切到满是机械堆砌的镜头很短时间，还没看清又剪开，几个镜头后又剪回来，你剪辑是干什么呢？？？
222,现在豆瓣的文艺小清新白左越来越像邪教了，对于集体主义的东西已经形成反射性厌恶，他们居然告诉我人类都死到临头了还要玩个人自由主义，大刘那种冷酷的现实主义让他们感到恐惧，他们宁愿活在自己幻想的乌托邦里也不愿意认清现实。
223,故事脉络：太阳膨胀即将吞噬地球→人类团结把地球推离太阳系→推离过程地球被木星吸住即将分解→众人合力把木星点燃推开地球→成功。特效很好但剧情真的太烂。这片子最惊奇的是不像其他科幻片是抛弃地球另选家园，而是人类带着地球跑。户口演技太差人设也不行还特装逼，看得我想暴打他的狗头，不过其他演员都不是太出彩，煽情有点尴尬但是整个立意很好。三星半。
224,作为一个三十年的科幻迷，开场五分钟就开始止不住激动的流泪，直到片尾制作名单滚动完毕，泪水就没停过。不愿意错过任何细节，想再刷十次。
225,5.0灾难，全方面的。 1:这种大远景，蒙层雾的特效可能能糊弄很多人，但是电影工业又不止于特效，我妈妈都能看出的糟糕剪辑和嘈杂配乐是被无视了吗? 2:9102年了，一部电影居然还全程用配音，导演不愧是青春片出身，电影实在是充满“青春活力”了呢!这个时候就要夸夸吴京了，真的是救场的。 3:剧情如同儿戏，设定各种不合理，尴煽尴燃真的不可取。 解决不了以上的问题，谈何电影工业，不过既然你们愿意说这是我们的科幻元年，那他就是吧，whatever了。
226,刘慈欣可以封神了。太好看了。
227,真的不错！本精神杨威利居然险些要被电影里的集体主义感动到！
228,如果不走煽情路线，打分可以高一点，因为真正能打动人心的东西从来不需要煽情。故事是大刘的，灾难元素和拯救情结是几乎所有科幻电影的，情法理各行其道秩序井然的价值观冲突是好莱坞的，理论内核则是有点经不起推敲的。然而对于瞄准国内市场的电影而言已经是成功的了。可见人民多么需要科幻，中国又多么缺乏科幻，不论是土壤还是精神。
229,很多镜头一出来就战栗了，科幻之魂持续燃烧。郭帆导演团队太专业了，为中国科幻影视工业树起一根很高的标杆。其他不说，只说一点，这部片里国际化程度和本土融合度处理得刚刚好。郭导说的“拍本土科幻片最难的是信任问题”，现在所有人都终于相信中国人是可以做好我们自己的科幻大片的！
230,沙雕片，科学童话化。科学都这个阶段了最后还蛮力解决一切，和项目快到期上不了线要求加班一个思路。情节莫名其妙，爱因斯坦不要了牛顿不要了最后伽利略也不要了。
231,中国科幻元年之作。恶意差评的，还有一些根本就没有看过就胡扯意淫(可能就看了个预告吧)云评论的，你这种行为我个人真的感到很恶心。
232,一部普通末世灾难片，毫无悲剧感，无论杭州地下城被岩浆吞没的35万人还是留在地表被牺牲的35亿人都只是宏大叙事下苍白的数字背景，为主角一家做陪衬的，包括所有配角都仅止于陪衬。场景还过得去。但是人物基本毫无亮点乏善可陈，让我印象最好的是被坑了的姥爷，这也秉承了大刘小说的特色。主角兄妹里的哥哥让我想一脚踹死，为啥这种片让个中二病熊孩子当主角啊，你哪怕让个类似章北海的上啊，妹妹的作用大概就是让她在最后的全球广播频道里念一篇幼稚尬煽让人捂脸的小学生命题作文。还有那个一声不吭打爆火石的女队员，完全是三体里女性角色的代表啊。最大的毛病就是乡土味+煽情泛滥了。最后，作为贺岁片我带我娘去看了，看完后我娘说不好看TT
233,旁边的女孩大概吃了十根鸡翅，两根鸭腿，一盒鸭脖。
234,“地球都你的了，随便吧。”“毁灭吧，赶紧的，累了。”
235,一分给特效。这部电影就像中国的大城市，华丽恢弘，没有灵魂的高级废墟。
236,全程辱骂那个户口和朵朵兄妹！！怎么这两还不赶紧死？？？？
237,想多给一星，虽然挺多地方是套的公式化模板，但还是希望中国的科幻电影起码这一次可以活下来，不说什么走向国际，也不说潮流、旋律这些东西，至少在这部电影里所有人都是在认真演、认真导、认真拍摄、认真准备道具、认真制作特效，这种态度上的端正是可以看见的，请务必坚持下去…
238,看完了终于可以说几句了，但我只代表个人的观影体验：我给过星际穿越五星，湮灭、降临和地心引力都给了四颗星，那么流浪地球在我这就肯定有四星半。电影放映之前还放了阿丽塔和哥斯拉的预告片，好莱坞的这些套路我真的受得够够的了，为了这个给流浪地球再加半颗星！
239,所谓的中国首部科幻姗姗来迟，诞生的也只是一个看似工业上成熟而内核依然幼稚的巨婴。命题庞大叙事羸弱，视点的格局也特小，从头开始就踏入煽情尴尬的步调，人物动机紊乱，更别说糟糕的台词和末尾的演讲稿。在涉及到人类生存困境的时候，又全然是个人的私心和情绪化的鲁莽赌博，太儿戏了。科幻只是表层，完全没有渗透到细节设定和人道思想的深度。全球化的救援行动中外国部队全盘缺席，空间站的呈现也只有电话里的联合政府。回看《2001》、《星际穿越》、《地心引力》、《火星救援》这些片子，一直在谦逊地思考生命之于人、人之于宇宙的三元关系，从中以小见大。而《流浪地球》就是人定胜天，一切的理论推演都抵不过满腔热血，到底是私心还是牺牲精神作者自己都没理清，这些种种，也实难以“硬”科幻号称了。
240,片子设定牛逼，特效管够，然鹅朵朵最后呼救那一段，我还是感觉到尴尬了。。。
241,不鼓励了。解决方案跟玩一样。中国人不遵守规则的习惯在未来哪怕在地球流浪时都没有任何改变，这比人类灭亡还绝望。全世界的科学家都不如一个年轻人的灵光一闪，抗日神剧都只能靠边。一样是撞击，对比下普罗米修斯黑人船长撞击工程师飞船那一下，哪有那么多废话
242,爆炸级好看！而且很催泪，后来在影厅里还听到啜泣声。大刘对此片倾注了极大的心血，认可度极高。这是他作品改编的第一部电影。大刘是一座取之不尽用之不竭的宝库。我希望这是一个开始。刘慈欣科幻电影的开始，中国科幻片的新开始。PS，为了儿子救地球。我也成为母亲有儿子了，更能体会那种心情。
243,吴京和刘慈欣，本来以为我最不喜欢的演员和作者混在一起，可以负负得正，结果tmd还有个郭帆。
244,自从在科幻世界上看到流浪地球原作以来已经过了快二十年，我从未想过有一天它真的能够成功影像化。这部片子筹划和制作的每一个阶段我都满心怀疑，一直以为要看笑话。事实上它确实踩中了我的许多雷点：生硬的旁白和回闪，吴京的演技，对“回家“和亲情的过分强调，辅助性的女性角色，偶尔的爱国主义（但确实令人惊讶地不算过分）……然而它的科幻部分太对太对了，每一次镜头拉到太空尺度我都忍不住泪流满面。我没有因为它是中国科幻电影而拉低标准，以任何标准它都完全不输好莱坞科幻片。
245,若干年后，我孙子/孙女（如果有的话，咳咳）抱着本新编的《华语科幻/灾难片史》读到一半，突然抬头问我，爷爷，你当年看过这部流浪地球么？我可以笑眯眯告诉TA，不仅看过，还是全中国第一批看的观众。这就是它的意义——日后提及华语科幻/灾难片史，你无法绕过流浪地球。甚至，它就是那个成功的起点。
246,《流浪地球》 我们通常说的“看电影感觉台词尴尬，看不下去”的原因很直接：“那个角色在那个场景中不会也不应该说那样的话”。为什么？因为我们知道自己不会那么说话，也知道没人会那么说话。这种缺陷在《流浪地球》的后半段毫无节制到几乎难以忍受。纯粹做一个猜想式的论述：可能长久以来国人习惯了假大空的宏大叙事，而从来都缺乏家庭层面的感情视角。于是当观众厌弃了假大空，而电影创作者试图从家庭层面的感情视角去讲一个故事的时候，却因为这种长久以来私人视角叙事的匮乏而显得捉襟见肘，似乎电影创作者并不知道怎样表达家庭层面的感情叙事视角，而只能拿着好莱坞现成的体系往里套。而很遗憾的是，这么做，又使得本就已经非常尴尬的台词显得更加尴尬 #如果把里面的全部演员都换成好莱坞演员，台词换成英文，满分为5的话，大约值2分多一些#
247,电影有可圈可点的地方，比如冲突和阻碍的设计；也有低级的失误，大量不知所云的镜头和粗糙的群像戏。但给五星的人就像天天在互联网上高呼india no.1的宝莱坞粉丝一样，将这部完成度合格且有着大量瑕疵的2019年版2012顶成了全球水平的大作，且不接受反驳真是让人无语。当然对于国产片宽容是好的，但切记正确看待自己的位置，才能走得更远。3.5星。
248,看了一半，不想看了。那些特效、宇宙、星球的大场面拍得挺好，不过，一拍到人就没意思了。看这个电影，我觉得人活不活死不死无所谓，那些人的命运一点也引不起我情感上的共鸣或者波动。只有宏大的宇宙让我心潮澎湃。所以，太阳系存不存在无所谓，反正没有了太阳系，还有别的系，浩瀚的宇宙依然存在。至于人存不存在，至少看这部片子，让我觉得无所谓。
249,加成至五星。的确，瑕疵是有，但大多数时候还是能够被更多的优点所掩盖和弥补。不止是艺指和特效超乎预期，终于有一部中国科幻电影能够提交出一份撑得起这个类型和制作规模的剧本。
250,视效如此完整的科幻片就值五颗星了，有些煽情太多太狗血，还有小演员的表演有点hold不住。
251,除了特效，我还要额外赞美一下片尾动画。角色什么的…一无是处了。
252,挺好的灾难片，比原著丰富很多。不太想打上中国科幻的标签，更不希望与此捆绑。更希望作为科幻的一种类型（脑洞型）多拍一点。星战、钢铁侠那种片少一点
253,当然自己很清楚自己不喜欢这个片的哪些点，不过也没什么好讲的，一部电影能引起这么大的社会效应，写个服字就好了。
254,这几年影视能力上，什么进步了，什么止步不前，都有体现。
255,3D看的好晕，还是欣赏不来这种主打特效的电影，以及价值观也是非常中国式了
256,所有说明性的信息都要通过人说出来，这也太低端了。看到一个什么东西，马上让人说一下，这是个什么什么，多高多长；遇到一个什么危险，找人说，前面是什么危险；人物之间的关系，也都是我不用你关心我这种对白。。。假如这些都能原谅，圆球方向盘是怎么回事。。能用吗。。。。。还什么科幻元年、硬核。。荒谬。
257,总想到《蜀山传》。都讲述毁灭与拯救，都用视效撩动人心，都有吴京。
258,三体、施特劳斯、哈耶克……以后都是要烧掉的，相关爱好者应该直接吊路灯
259,好看，不做影评人想怎么打分就怎么打分，爽！大年初一看这个片子有点儿致郁，尤其不适合拖家带口看，看完更坚决了流浪的心。心理学中有个返家理论，就是不管家烂成屎了，还是要回家，这个片子看完真是pia pia打脸，人活着，走到哪儿哪儿都能成家，绝望的临界点过去就是希望，踏进希望的时候希望你一身包袱全然甩落，只要知道他们本意都是爱你就好了。遗弃还是流浪，一个被动一个主动，记住了千万别忘
260,本来一点儿兴趣的也没有 但是听说打差评的被挂B站被上门威胁 那我也打个差评吧 欢迎来上门威胁我
261,毁灭吧，赶紧的，累了
262,大家对它的评价戾气略重，所以看的时候想尽量帮它找些优点，但…失败了。 同声传译这种细节很好，但导演拍灾难片连基本功都没过关：人物无视轴线满空间乱飞，都是不受时空限制的超能力者；开场追逐戏无比简单，却连基本的空间关系都确立不来；电梯井和炸木星两场的调度/剪辑是灾难级的，前者轴线之错乱，成功把我看到晕车。重场戏处理很儿戏（炸木星段冗长无比，却把所有人物情感和问题解决过程都避而不拍的平行剪辑也太糊弄人了），明显为压缩时长而做的台词画外处理也只起了反效果。剧本问题同样严重，毫无情感基础，情绪全靠台词和耳熟到能比电影提早哼出原曲的配乐硬煽，台词在表演的搭配下则显得更加差劲。评估一下水准的话大概是设定＞特效＞好莱坞二流水准＝配乐（因为是抄的）＞不入流水准＞剧本＞台词写作＞表演＞情感＞＞＞导演调度＞剪辑吧。
263,纯为宣发手段修改，本来可以在3.2-3.5
264,什么时候我们不会自我感动到打鼓励分，才真有那么一点指望。今天打鼓励分的人，明天自己拍片，也希望大家来鼓励，那不如去做厨子（美术确实好）
265,流浪地球，看之前：國內要拍科幻，別毀啊？有吳京，太空戰狼？ 看之後：真香?一細想台詞情節剪輯人物煽情都有硬傷，但還是覺得挺好看，真香
266,韩朵朵最后的演讲太没水平了，扣分！希望最后的结局是救援失败，地球被木星引力撕成碎片，所有人在希望与绝望中，在疯狂与平静中迎接死亡
267,這片給我的感覺很複雜。劇情是好看的，人物塑造和煽情很尷尬。有的moment明明開始感動，硬生生被台詞和心理旁白噁心回去了。順說你們狼演技真的勸退（
268,还真是宇宙战狼；九个编剧合力，写了一个半小时的开车戏；没有丝毫原则的全球救援
269,要不说是科幻片还行，要说是科幻片，就，看乐呵吧。人物塑造没一个喜欢的，尤其女性太让人失望了，都流浪地球年代了，女性还是神经质、情绪化、没溜儿的形象。偶尔流露出的一点儿人文价值信息，也惨不忍睹。为了人类的未来，希望空间站慎重考虑招募对象国籍。
270,格局这种东西见仁见智，但至少在特效水平上达到了好莱坞工业化（十年前2012）的水平。一些设计还是挺有意思的，比如条形码扫描，驾驶提示的梗，不过机械盔甲能多展现一下作用就更好了。细节上真没法推敲，好多地方嘴型都对不上，还有卡帧既视感。以及100年后的社会有点令人失望啊，跟现在没啥差别，北京中学生校服还那么丑。
271,有原著加持，这部电影确实让中国的科幻电影向前走了一步，但故事和细节仍然存在问题。前半段的气氛特别赞，到地球还有七天要毁灭那里很感动，觉得可以给到4-5星，但后面实在……吴京他儿子突然想通了怎么救地球，每个人都技能满点之后，这电影就掉回2星了(-?-;
272,以好莱坞的标准来评价我给三颗星，用好莱坞的标准评价这部片子是对这个片子最起码的尊重，但作为一个中国电影爱好者我打五星。
273,【B+】我个人认为，这部《流浪地球》很有可能就是2019年最佳商业大片了。在国内电影环境有限的条件下，郭帆和他的团队做到了最好。无论是特效场面、道具细节，还是素材的搭配度，电影配乐和情绪把握都在中国工业电影环境下达到了一个极高的水准。但仍然具有许多国产电影所有的通病：故事节奏把控不佳（一到多线救援，剪辑就变得细碎），人物表演欠缺火候（削弱了很多煽情点的力量），以及煽情过度的毛病（这个还是看个人口味）。但仍然胜过同类型国产电影好几条街。这么说吧，这部电影绝对是建国以来第一部大制作、高水准，且具备较为完整的世界观架构的科幻大片。而且本片对于国产电影未来的启示与发展的意义更是远胜于它的市场意义。冲着这一点，我可以给《流浪地球》和不断前进的中国电影人打出饱含敬意的一个五星评价，祝中国科幻好运！
274,特效是挺棒，其他的一塌糊涂，剧情就像原著本书一样的不知道讲的什么东西
275,70/100 把电影分“国产”和“非国产”来营销和评价本就不合适，对观众来说，只有合格的类型片和不合格的类型片，而作为一部太空科幻类型片，我认为《流浪地球》的制作是合格的。至于剧情，制定一个多年多步骤完成的大计划，然后先牺牲掉一部分人，之后再消灭掉一部分，最后谁也不知道这计划最终会不会实现，是不是听起来挺熟悉的呢？
276,子子孙孙无穷匮也，而山不加增，何苦而不平？
277,补了，优缺点都相当显著啊！大刘的宇宙观和社会主义特色的牺牲精神确实都成功表现出来了，主线人物关系清楚，矛盾进展得当，场景特色鲜明，未来感和地域感结合幽默得当。可副线角色糟透了，多余无用，莫名悲壮。尤其上海到杭州那段，是拍够了又剪废了吗？硬塞一堆新角色加乱七八糟的灾难，就为衬托姥爷的牺牲。结尾《世界末日》般的大高潮已经足够，非得续雕上无反转的狗尾。另外，除尾曲外，配乐也够烂。本该三星，但为肯定国人科幻电影的巨大突破，加一星。
278,尽管走马观花的奇观展示和中国元素的错误运用让人有些尴尬，但是整体合格，尤其是美术设计，达到了科幻灾难片应有的一流水准。而更加值得加分的是，影片「家园」与「希望」的内核，在科幻电影越来越沦为超英打架和视效堆砌的今天，《流浪地球》证明一个有想象力的点子是多么难得。
279,"首先要感谢所谓""小破球""台前幕后七千名工作人员让""中国科幻""成为可能。拍摄时遇到那么大困难，没放弃，呈现了一部至少合格的作品，难道不值得表扬吗？ 特效没话说，细节很精致，技术层面没毛病，节奏也挺成熟的。主要问题集中在剧本上，一是人物形象过于单薄，二是真弄不明白为啥如此执迷于""点题式""台词，生怕观众看不明白双关语。最动人的感情从来不必说出口。人体撞针这种情节相当中国。 不管你喜不喜欢，《流浪地球》已经被记入中国电影的历史。打破现有市场格局，改良市场环境，这件事的意义超越了作品本身。"
280,好莱坞式主线剧情之下是大刘原著赋予的浓黑的绝望，生命的温度在茫茫宇宙面前从来就没有过姓名。尽管起步晚，但《流浪地球》一出，中国科幻电影的起点也算不低了。（春节元素不多不少，太空大炮仗是对贺岁档最深沉的爱。）
281,叙事基本没起作用.....剪辑一团糟.....中途睡着了
282,尬死了，这是个屁的硬科幻，另一个愚公移山的故事罢了，有个评论说的好，这种愚公移山，精卫填海的故事只有中国人会想得出来，但是太脱离实际了也不行吧，真当万有引力是吃素的？
283,强行设置一定要牺牲掉别人的道德困境，做出选择牺牲部分利益之后的自我感动，大炼钢铁式的科学幻想，刻意回避后末世时代的阶级冲突，以及一切试图为集权主义正名张目的构思，使我无法接受这样一部电影。
284,尽管很多瑕疵 依然完全对得起五星。逻辑 你说逻辑 那你告诉我星际穿越那个从黑洞还能回来的逻辑是什么逻辑？一星原罪就是这电影是中国出品吧？对我来说 带着地球去逃亡 路上朝木星扔了个炮仗 超级浪漫好吗！看完原著依然觉得电影真的棒，neng在取舍间把内核完整保留还带着少年漫画式的燃，真的要吹爆！
285,打一星的是什么心理，搞不懂，反正我得打个五星平衡下。虽然被妹子请求其他救援车帮助的时候发表的那个演讲尴尬到了，以及其他一些有的没的煽情，但还是觉得很棒啊。场面很恢宏，概念也很新。也并不是一味地宣扬中国的力量，最后还是靠全人类的努力。觉得值得鼓励吧～
286,可以想见，刘慈欣小说里大结构上的每一颗螺钉，都可以二维展开为一曲中式小聪明拯救世界的赞歌。
287,看到Moss给地球的最后通告真的笑出来了
288,感觉是灾难片，不是科幻片，科幻内容比较少
289,特效做得有多好，这剧情就有多让我想吐槽的。地球之所以会流浪，核心原因是太阳，结果这电影里太阳完全没有存在感，整个是一出逃离木星的戏。
290,该说的大家都说了。补充几点：1.看硬件和主旨够了，还要什么自行车。2.爱球主义和人类命运共同体，主旋律，没有错。3.吴京没问题，吴孟达令人泪目。4.部分台词应该后改过，有些幼稚和尴尬。细节渲染不够，情感上也是红海那套直接死人冲击，这一点很大刘很硬很直男。5.最重要的一点，不是太空战狼，真硬核科幻，还是有门槛的。所以票房大概率在30左右。
291,不太喜欢。甚至有点反感。给特效一星，给演员一星，工作辛苦。
292,刘慈欣的原著无疑是大气磅礴的，他有意弱化个人情感，从而将整个人类族群放置于激荡的历史长河中。电影则不是，在最大程度还原刘慈欣笔下一个又一个恢弘场景的基础上，本片着眼于“流浪”中的一家三代，更注重人的非理性抉择与情感联系，也将更多的笔墨用于刻画个人英雄主义在集体智慧中所能发挥的作用。侧重点不同，作品中所流露出的浪漫主义情怀却是一脉相承的，尤其在两星交会时，此刻，人类的孤独在绝美的宇宙面前显露无疑。 我们能从《流浪地球》中看到许多经典电影的影子，与此同时，本片又明显不同于这些“舶来品”。中国科幻电影的空白与对类型电影的本土化改造让《流浪地球》显得独树一帜。在市场的肯定下，我希望能有越来越多的“中式科幻电影”出现在大众视野。到那时，我们才能说：“《流浪地球》开启了中国科幻电影元年。”
293,【加了一星】作为爆米花片算好看，归功于导演和特效。原著没看不评价。科学问题不谈。价值观嘛纯从后果主义的角度看问题也过得去。煽情虽浓，也算合乎情理。吴京演技撑不起来是硬伤。台词算努力了，但是说服当局谈“作为父亲”、在大喇叭里“我是初中生”，实在尴尬。致敬《2001太空漫游》那段不如不要，库布里克讨论了工具理性和价值的冲突，到这儿变成老子就不理智你能咋地。创造奇迹靠的是横竖一死不如赌了+舍身炸碉堡，这本身都没毛病但是说好的hardcore科幻呢。UEG早知道算出来的结果是凉凉，先忽悠所有人做无用功，到点儿哄大家安乐死，最后干脆甩手都看你的了，建议通通弹劾。不过总体来说，值票钱。
294,这是一部神奇的电影，纵然处处有好莱坞套路，但仍掩盖不住一种喷薄而出的革命年代的激情，这种境界往往只出现在毛主席诗词里。正是神都有事时，五洲震荡风雷激，铜铁炉中翻火焰，已是悬崖百丈冰，天欲堕，赖以拄其间，为有牺牲多壮志，敢教日月换新天。一万年太久， 只争朝夕。雄关漫道真如铁， 而今迈步从头越。萧瑟秋风今又是，换了人间。问苍茫大地，谁主沉浮？姆们姆们姆们！
295,千万不能让中国人过不好春节，不然他们会把木星炸了当鞭炮听。另外，本片最恐怖的事情是：约50年后，中国还有春晚和户口制度。
296,电影版三体的有益尝试。的确是中国科幻片第一次尝试如此宏大的场景与叙事，并且做到了。
297,还是过于煽情了，有诚意无惊喜，评分有虚高嫌疑，口碑两极也暴露了观众的巨大期待与中国科幻尴尬处境的矛盾。其实大刘的科幻原著设定已经很厉害了，太阳衰变，地球末日，借木星来让地球逃离太阳系。。。都是不让西方科幻的脑洞大开。然而影视化效果差强人意，主创的才华没能撑起庞大的野心，叙事凌乱不分主次，一个场面赶一个场面，给人感觉很粗糙，都没时间思考，结果很可惜地落入俗套（多处模仿好莱坞）。接二连三有人出场却少有亮点，宇宙英雄青一色的京片子，无限膨胀的直男癌式英雄主义，笑梗一点也不好笑，泪点也感动不起来，最后竟然沦为春节拜年致辞（为了讨好春节档观众？），拯救世界=回家过年？父子情兄妹情也并没有多动人，最大的亮点就是堪比好莱坞的特效。还得努力呀，然而对于后来者却有相当的借鉴意义，愿我们的科幻片能真的飞向太空！
298,特效和美术满分，国片能做到这样骄傲自豪振奋！问题出在一些场面戏的场景连接和镜头有点跳，虽然观众会脑补，但是也需要反应一下才知道发生了什么。更关键的是对于人物情感的处理，原著中的一个亮点是在流浪地球社会人类的情感因为这种共同面对全球危机的格局发生了改变，而此片中人物的情感还是基于和平的现实世界建构的，如果在这个层面做得更高级就更棒了。
299,纯粹的商业作品，且成熟度远逊于开创性。得益于大刘的原著，不仅核心创意比量产的好莱坞同类作品高级，还浸透着华夏文明独有的家国情怀，工业属性上从无到有的惊人飞跃更是值得赞许。与之相对应的是捉襟见肘的叙事能力，莫名其妙的凌乱剪辑；生硬的转折，廉价的煽情；符号化的人物，不入流的台词，这些无不凸显着导演掌控力的缺失和影片整体上的稚嫩。在国产硬科幻领域，本片确是无可置疑的拓荒者、里程碑，但若对如此明显的缺陷视而不见，这条路注定走不远。豆瓣评分饱含着欣喜和鼓励，却在一夜间成为众矢之的，一个星球在银幕上的流浪引发了一个群体在现实中的疯狂，这场充满魔幻色彩的腥风血雨早已蔓延到全网各个角落，让人心寒齿冷，甚至有几分毛骨悚然。作为向来评分手松，对这种在某方面具有特殊意义的国产片习惯性四星的人，这一次，我选择客观。
300,上联：射你木心哦不木星；下联：你妈哦不你爸炸了；横批：我在嘉兴避难所看的最后一部电影要是有味增汤就好了鸭。
301,BUG太多了，完全不过脑看个热闹还行，特效还行，剧情我已经做过心理建设了，比我预期的还要差一点。别跟星际穿越比了，真的不如
302,大刘曾说，他给了《三体》充满希望的结局，人类文明的种子播撒到了多个星系，他认为人类配得上这样的命运。看这个电影的时候，我也觉得，人类配得上。没想到，在我们变老之前，就能看到中国科幻电影有了这样的进步，可喜可贺！推荐大家看《流浪地球》的小说，才两万字，讲了流浪地球计划的来龙去脉，而且不谈感情，更科幻美学。
303,"全程都有一种战狼的感觉, 主要是尴尬, 又实现了一个中国梦."
304,月球到哪里去了？
305,跟《疯狂的外星人》反过来了。前面只有展示，没有叙事，质感很棒，转场糟糕。交代宏观设定时很有表现力，一到具体情节上就不会拍了，导致许多场戏显得有些尴尬，生硬，无聊。但是后面点燃发动机的整个段落却越发精彩起来，几乎挽救了整部电影。总体来说，可以看出美术概念设计很给力，结尾很有刘慈欣风格，基本给国产科幻开了个好头。
306,硬科幻的外壳，包裹着柔软的中式亲情。《流浪地球》把大刘小说改编的很好。空间站，父亲情，想回家却回不了。救援队，儿子义，终于理解爹的难。地下城有种赛博朋克感。中国人的内核，重土安迁。外国人的做法，迁移殖民。看完有些感动，让人代入感强烈。
307,客观讲四星，高起点加一星鼓励！后来的想蹭热度圈钱的家伙们可要想清楚了！
308,不打分了吧，怕被喷死，但还是那句话，当下的中国电影从来不缺资金和技术，缺的是电影。
309,1.刘慈欣的点子几乎没用，沦为背景摆设，可惜；2.剧作超多瑕疵，而且太偷懒，居然生生在设定里抄出一个剔除科幻内核的星际穿越；3.这主题，这立意，还能再土一点吗？4.特效厉害，也只能算你是灾难片
310,保持谦虚才有继续进步的空间。中国科幻电影“天花板”已经这么低了（或者说根本没有），就不要再过分吹嘘和自我满足了，还是理性看待这部难得之作比较好。
311,比我想象中好诶，但木星也太可怜了吧，木星不要过年的吗？#救救木星#
312,1.流浪地球第一步，让世界停转，全世界那么多锅如何保证不被海啸淹了成为活火山口？坏一半锅地球还能推得动吗？ 2.全世界那么多科学家没有提前算到地球会被木星吞了，要靠技校汽修小弟来点火柴，京京来当火星子，这爆竹不早该在计划之初就该想好怎么放的吗？ 3.前两个问题不解决，这故事已经不成立了，这不是流浪地球，分明地球作死指南，不如阴谋论得直接一点，“火种”就想让木地相撞，靠爆炸波做作空间站的第二次助推，京京户口联合救世不就很好吗 4.满当当两小时，一个人物都没立住，户口因为妈妈死就恨爸爸，爸爸牺牲了就不恨了？excuse me？其他人物更不谈了 5.视效是拉上去了，当然特别明显的低模还是挺多的，基本够看 6.这不是什么“中国科幻片元年”，“中国灾难片元年”谢谢 7.综上5分，别说够上『星穿』了，还没接近『后天』呢
313,要说和好莱坞的科幻大片有啥区别，那就是，美国人拯救地球都是自己单干，而中国则提倡人类命运共同体
314,听说打一星会收到死亡威胁。况且电影拍的也真够难看的。
315,看了。综合剧本、镜头、表演、特效，也就二星半的水平，按照我平时习惯，若有一个点特别傻逼减一星，粗略发现两个特别傻逼点，减二星，剩半星，我心软善良四舍五入给一星！而且，这么反刘慈欣的剧情，这么兄妹情深，爷孙互爱，宇宙不冷酷，木星一点就着，生存不艰难，地下住着还舞龙，连个文傻捣乱，蚁民恐慌胡闹都没有，为什么你们刘慈欣粉反而不喷？你们这些粉丝真的读过刘慈欣吗？
316,AMC屏幕上看到广电总局的Logo而不是哥伦比亚女神或是派拉蒙山峰已经觉得很sentimental了，没想到后面还有一波又一波的强力煽情。略显牵强的转折和理论漏洞其实瑕不掩瑜。 引用之前看到的一个review： 当中国人开始讲科幻故事的时候，那种想象力、气度与格局，很迷人。只有拥有5000年文明历史的中国人，才会去想象一个长达2500年的计划和故事。
317,水准之上，不能要求更多了。与我的核心价值观一致：人最宝贵的是自由意志。190211，太阳宫达美，和蓉。
318,三星半。所有技能点都加在视觉上了吧
319,感觉像是个“围城”的故事啊：《三体》里，三体人想到太阳系生活；《流浪地球》里，地球人想去三体人的半人马座生活。所谓旅行，果然就是从自己呆腻的地方到别人呆腻的地方去。
320,泪流满面??国产类型影片的劈叉！
321,悲观的诗意是大刘科幻最独特的美，宏观上理性冷血，微观上悲天悯人，电影只截取了原著的部分，或许是这种宏伟的题材本身就不好驾驭，从设定背景和故事切入，导演没能找到一种平衡
322,苟利地球生死以，岂因祸福避趋之。对人性还是持积极的态度，从而少却了原著的冷静与深刻。
323,这部电影最厉害的地方就是，最后拯救地球的戏份太过热血、京京的亲情戏码太过感人，所以我完全忘记了中间的徒劳的火石转移剧情有多么多么屎，最后还是给它打了7.5分。可见，只要开头开好了，结尾收好了，中间瞎几把演的都会被人忘记的。
324,电影四星，鼓励一星，评论区撕的鸡飞狗跳更证明了国内大众科普事业任重道远，一帮子民科都不如的人指出科幻设定问题我也是醉了，国内需要做科幻的带头人，任重道远，加油
325,需要回答三个问题：什么是对白，什么是女性，什么是希望。附加题：联合政府在地上还是在天上？
326,工业制作水准真的还不错，特效场面非常宏伟，但仅仅只是视觉上很爽，这种宏大叙事依然是老旧的。老旧体现在观念上，比如角色塑造，人物扁平，缺乏复杂性，情感表达生硬，细节刻意，英雄是刻板的英雄。制作的工业水准可以用钱实现，情感的东西却很难。吴京开着空间站准备引爆的过程没有半点挣扎，起码要更悲壮、更无可奈何一些，这种两难时刻，空间站上运载着“火种”，那么多条人命为了实现地球推进准备牺牲，电影居然仅仅停留在父子之间的生离死别，这种煽情很吓人。宏大叙事不仅仅是场面宏大，更是宏大的命运与超越的生命体验，这也是科幻电影会让人觉得无比浪漫的原因。当然，如果这仅仅是中国科幻电影的开篇，那我们为什么不继续抱有期待？
327,喷的是因为有人赞，赞的是因为有人喷。喷的赞的都因为是中国人拍的。
328,不是硬科幻，但是成熟的商业片；不谈科幻哲思，不能与《太空漫游2001》和《星际穿越》相比；该谈工业水准和娱乐性，至少是超过《独立日》的水准；吴京的个人言论不代表片子狼化，中国人拍电影中国人当主角无可厚非，片中也没有高喊口号、歌功颂德。
329,有中国特色的科幻片大概是一部科幻片能达到的最失败的境界；另外，基本没表现出大刘科幻作品的优点，缺点倒是暴露无遗。
330,故事的三大矛盾：人与人斗，人与环境斗，人与自己斗。其中人与环境斗是最难写的，因为它天然地需要人物牺牲“人性”，不然没法和本就没有人性的环境斗争。而“没有人性”在任何故事中，都是最容易被攻击之处。我挺喜欢这个电影的，没有感动哭，但它确实让我感受到了血肉之躯的局限和渺小，全人类殊死一搏，换来的是一丝侥幸的可能，这太可笑，又太强大了。另外，把宇宙、星球当玩具本来就挺浪漫的呀，因为人类跳不高，所以发明了火箭，耗费大量人力物力造出来的火箭放在宇宙中还是不堪一击，但这个想法、为了这个想法而去做这些可笑又没啥大用的事情的人们，就挺可爱的。
331,不会讲故事 导致逻辑也乱七八糟 也不会拍电影 堆积堆积堆积堆积毫无节制 全都是空的 大型审美疲劳+刻奇 好在主旋律没那么强 但是也够鸡贼 很多偷学的地方 但是也学得不好 好在硬条件上够强
332,集合了所有中国式的恶心，去你妈的
333,不敢打分了。看的4d效果超赞，尤其是最后冲击波回来的时候，椅子乱动狂喷气还有撞击背部非常爽，但就是不要吃东西，疼。
334,第一让吴京上感情戏确实太勉强。。。。然而你说集体主义情怀毒奶可以，说家庭纠纷格局狭隘可以，说伪硬科剧情走向忽软忽硬也可以，说演技掉线煽情尴尬也成，但这玩意你叫太空战狼？？？太空戏一共不到30分钟就太空战狼了你们看电影了吗？？？讲个笑话，同样把原著改的面目全非火星救援能8·4这片子却8·1，还好意思说不能因为国产就放低标准？？？双标党歧视中国电影的嘴脸还能再道貌岸然点不？？？？
335,迈出了第一步，才知道“中国科幻电影”并不是什么不可攀登的高峰。虽然有些中二，人物平面化，特效充满浓浓的影棚绿幕抠图感，对简单的太阳系天体动力学没有作出应有的解释，但在宏大背景下，整个故事是完整圆满的！有没有硬核科幻大宇宙情结不重要，能把故事讲囫囵了，任何电影都可以成功。
336,对不住了，看完实在是骂街骂了十分钟不止，没有一点情绪能入戏，唯独片中一句话“让人类永远保持理智还真是奢望”还能赞同！让导演和编剧保持智商更是奢望！看完我觉得《来电狂想》都还算说得过去了。这种特效你们就能满足？98年的《兵人》早用过同样的场景同样的车和枪了… 以及…从此我对吴京的讨厌正式超过王宝强了！
337,真不敢相信是中国科幻！前半段跪着。后半段哭着。看完《流浪地球》更期待三体啦！宴席上达叔问我好不好看，我说好看的，我哭很惨。结果旁边的主演小哥吐槽我泪点低……但是调头的那刻真的哭爆了！！看的是未渲染完成的版本，已足够震撼。虽然还是个人英雄主义，但刘慈欣毕竟是大神啊！科幻是皮囊，人性才是骨肉！
338,人物刻畫不好 情感也不入心 演技也沒有出眾的地方 但是中國科幻片視覺能到這水平我已經太意外了 成長需要代價和時間的 為每一個重大的進步歡呼
339,开着车叭叭行人这什么素质啊，男主角到底在拽什么啊？？？？？？？
340,气势恢宏，特效很棒；这种体量的国产科幻题材值得鼓励；但这并不是什么标榜或者崛起之类的，这就是我们的一个新起点，希望中国电影越来越好，希望豆瓣也趋于正常，不要搅浑了这一片净土
341,许多人好像分不太清楚“值得鼓励”与实际质量根本没有一丝一毫的关系。流浪地球值得鼓励，值得渴望作者电影也能得到主流市场认可的下一代电影人们的鼓励，值得渴望有好作品可以看的观众群体的鼓励，也值得有心做好中国电影市场的制片人电影厂投资人的鼓励，但是我们的更广大的观众们需要明白的是，这些所有的值得鼓励跟流浪地球这部电影好不好没有一丁点关系。事实就是，这部除了愚蠢到令人瞠目结舌的表演和台词、混乱不堪的剪辑、模糊且毫无必要的人物角色塑造及其近乎全无的逻辑关系是自己原创的之外，其余所有制作呈现环节都来自于我们大言不惭地自以为已经赶上甚至超过的“西方科幻片”的电影，是一部不折不扣的商业烂片。清醒一点吧。
342,一颗星给特效制作，一颗星给脑洞，因为我对剧情细节要求太高了，所以扣三颗星
343,灾难级的灾难片，看得劳资尴尬癌都犯了，一星不能再多
344,幸福蓝海（江都佳源店）2019.2.5.4:40pm IMAX+3D。“电影”“中国”的“事件”与“时刻”。 PS. 正如片尾曲《带着地球去流浪》，化用的不仅是《观沧海》，更是《浪淘沙·北戴河》。《流浪地球》以及刘慈欣，和“换了人间”的历史与豪情有着不可分割的联系。会被此片感动或观看的前提之一，就是仍愿向“中国”（历经鲜血曲折、今天更问题重重的“新中国”）投注希望和热情。大可不必通过分割/剥离“中国”与“科幻”为此片辩护。中国电影无需这种辩护。
345,特效五星，剧情一星，表演三星，打星引发的乱七八糟其他事满头金星。
346,刘慈欣同名小说改编。末世场景 很绝妙的想象力 地下都市有如阿西莫夫钢穴的实体化。剧情虽显一板一眼 包括在煽情与台词上处理的并不完美 选角可能也显得不够稳重 但整体上说白壁微暇 剧情还算有模有样 而在特效制作上 更是气势恢弘。行星发动机的故障 冰封都市行军的坎坷 太空空间站的异动 地球与木星的何去何从 也都牵动人心。终于等到当代中国电影届拿出一部好莱坞水准的科幻作品了 感怀不已。
347,有吴京，必一星
348,对科幻的理解还停留在堆砌动作、奇观场面上，这一点和去年同为春节档的红海行动如出一辙——即喂饱未成熟电影市场观众的眼睛为第一要务、区别于美式个人英雄主义而是刻有中国特色集体主义烙印的一次胜利，创作思路暴露无遗。照搬2001太空奥德赛哈尔叛变、地心引力惊悚和后天灾难情节尬死人，好在全片未有过分宣扬国威，至少知道节制。话说回来，尽管是好莱坞90年代科幻工业水准，但中国诞生了一部真正意义上的科幻电影，还是可喜可贺，科幻奥义人性、哲学缺失不求苛责。倒是给差评就引来一批党同伐异扣帽批斗的民族主义分子围攻挺意外，有政治诉求的军事电影还可以理解，科幻片嘛......非常值得警惕。（我这种小透明不知会不会收到来自华为手机的辱骂豆邮 ：）@卢米埃芳草地
349,3+1星支持。 很多场面已经有一种愿望达成的感觉：中国拍出了拿出去也不丢人的科幻电影。 只是很多时候并不是那种“完了完了”并且扣人心弦的感觉， 而是“完了完了”并且很吵且有一点点无聊。 有燃料而缺引擎，它在熊熊燃烧。
350,bug约等于0，基本上中国电影的套路都避免了（甚至还都是反套路），也没有出现什么不正常的场面，人物牺牲的片段都挺真实的，不刻意也没有过度渲染。就是有些紧急片段能不能别说废话别太煽情啊?? 还有那些只要电影一带有大国情怀国产标签就低分儿预订的人，你他妈人在中国看的中国电影，装什么世界级鉴赏师呢？就你牛逼就你懂电影就你看科幻片儿，吃里扒外的家伙！ 而且哪里战狼了？既没有个人英雄主义（这电影他妈讲的是团队啊，饱和式救援和集体主义这个设定居然还有人喷？欧美灾难片才是比较偏向个人主义啊。这部不仅中国人没有扮演单独英雄，电影还已经弱化了国家的概念上升到整个文明的高度了啊），也很真实啊朋友们。
351,个人感觉是三星半到四星，优点和意义什么的就不说了，电影本身的缺点比较明显：前半段节奏很快，有点凌乱，救援队的一批人没有什么背景交代，就窜上来直接刚主线；地面上的远景镜头特效一般，特别是看到很多运输车跑的那些镜头有点假；太空站的桥段整体不错，但那个电脑的存在感有点尴尬；父子戏值得肯定，吴京这一边更好一些；地下城很一般，除了表现灾难，以及是个可以回去的家之外，对社会结构的变化可能性没任何触及；有些台词读出来，不像是电影里的话（不像是正常人说的话）。旁边陪女朋友看的大男孩哭了，加半星吧。悉尼乔治街的影院基本满座。
352,伪科幻、烂情节。太空的构想至少在物理的层面欠推敲，高度虚假的集体幻想被具体安放在了一家三代人身上，布景凌乱、缺乏想象力的平庸作品。拯救地球的宏大使命与虚伪的集体荣誉感不谋而合，赌的是当下漂浮的心态。如此看来，地球剧组赢了。表达上面最终落地于世俗的价值观，普世的情怀显然是东方式的伦理语境，客套的剧情推移显然是对科幻的玩笑。凌驾于任何现实情境上面的臆想都应值得尊重，而然流浪地球的异端无法安放来自每一个个体纯洁的幻想。“流浪”是个好名字，可惜了，我只看到“放荡”。
353,抛开有没有战狼元素不说，剧情本身非常儿戏，并充斥着莫名其妙的个人英雄主义，家庭价值观和令人尴尬的煽情片段，不过最可怕的还是灾后欣欣向荣秩序井然的社会主义中国后现代社会。怎么说，就一美国好莱坞大片
354,一定要在电影院看的电影，看2D配上好音效非常燃；部分特效确实看得出瑕疵，但对于中国电影来说无疑是一大进步；希望导演的下一部戏不要这么多尴尬的煽情戏，尽量不要请吴京了，不是因为他又红又专，而是因为他真的没什么演技。
355,燃是够燃了，但是不够硬。譬如说，为色摸全球科学家推算成功率为0的方案主角们拍两下脑袋就能成功了？为色摸“留空间站还是救地球”的取舍可以由一个人做决定？为色摸连地面自动驾驶都不能实现的时代，空间站可以交给AI控制？（不要告诉我这只是为了致敬库布里克）……嗯，这也许是中国近十年来最好的科幻电影，但是还远不足以还原大刘的故事啊。
356,男女主没演技，尤其是男主，全程都是斗狠的愤怒表情。。而且犯了国产电影的通病，过于煽情，情绪煽出来又收不住。特效还是过得去关的，音效也可以。剧情比较简单，勉强送一分吧
357,剧本人物行为智障……吴京出演三观必恶臭。看到反胃想吐……特效给三分已经不能再多。
358,比较像加料加量版的《钢铁苍穹》。救援镜头太多太晃了，有点眼晕。快结束的时候我在想，一个童年生活在消费社会下的人，进入流浪地球模式后的感受大概类似于出生在清末的中国人，当你觉得情况已经很坏的时候，它还可以更坏（微笑）。
359,依然带着国产电影对科幻不熟悉的尴尬感，但也不失为一次不错的尝试，对于这个春节档的意义大于它的内容，希望成为黑马。
360,从视觉效果到故事架构都是不错的，特别是在科幻这一题材上对于中国电影来说的某种突破。只是从我个人观影角度，难得有一部电影从男一男二甚至女一都因为类巨婴性格问题让我厌烦，所以最后想营造的情感都通通失效了
361,中国文化与中国精神的新输出要点：救灾能力。
362,一开始就猜到了结局。有女主角但是没啥用。故意煽情。逻辑硬伤没什么，镜头都没切好。从头硬到底，没节奏.....这些烂片的元素全占了，还别提什么价值观，撑死就是弟子规那一套。
363,像看中文版音乐剧，每个环节都学得有模有样，大场面get到精髓，工作态度也认真。差了几口气，但会让心怀热爱的人们觉得未来很有奔头。最大的失望可能是屈楚萧，本来指望他成为中国的刘亚仁呢。
364,我觉得不行。科幻片国内还是有待加强。
365,3.5
366,“中国科幻元年”，是指我们可以从这里开始。
367,时至今日，我们好歹有了这么部影片，可以让整天被宫斗玄幻以及各种神剧裹挟的人们能想着抬起头来，向尘世之外瞥上一眼。
368,十几年前，每个月都要跑报刊亭看有没有最新一期的科幻世界，如果有刘慈欣三个字，那更是非买不可。如今看到流浪地球拍成了电影，真的是老泪纵横，本片质量上乘，瑕不掩瑜，说开启中国科幻电影元年毫不为过。
369,犯我地球者，虽远必诛！
370,文戏真是灾难，比地球流浪还灾难。有些科幻场景还是拍得很带感的，只不过太多的嘶吼让原本严肃的主题显得廉价了。放弃一些人性的探讨，专门去讲科幻的部分或许会好很多，要不然感觉有点内容不够凑出来的硬（拗）科幻片的感觉。
371,上周看的，已经忘记了看完有多难过。视效上去了，细节到位，也争取抛了一些包袱迎合观众以及节日市场需求。但问题就是出在价值观输出，还是再讲长征两万里、再讲黄继光董存瑞、再讲牺牲和奉献。建国70年，举国上下，还在为“个体”为“集体”献祭而欢呼雀跃，没有一点人文精神的进步。看似是愚公移山的壮举，其实是徒有虚名，60亿的人才是人，一个人就什么都不是。所以为了国家、为了命令，“小我”是随时可以去死。这不是科幻精神，这是人文关怀停滞不前。
372,好难看，真的好难看，引起全身不适的难看，多一星给屈楚萧，屈楚萧的颜真的很可以。泪点完全没有感受到，因为强硬设定的泪点会很假。人物性格扁平，动机奇怪，每个人都很假大空，最后来了一段学生作文朗读对着全世界呼唤爱，有一种林妙可给我一样鸡皮疙瘩。 真的，不能因为什么中国第一部科幻电影啥啥的蒙蔽双眼，好多bug，粗糙场景，地下城=城乡结合部，要的就是土。
373,吴京演的像宇宙版战狼，呵呵
374,如果这部电影成为中国科幻电影所谓的新纪元，那么中国科幻电影真的是前路渺茫……
375,毁灭吧赶紧的，累了。不想听你们看星星看爸爸了
376,惊闻某老师因为和流浪地球观点不合怒和男友分手，看完了我想，如果谁跟我一起去看电影，给流浪地球打了五星，还一个劲说好的，我也要分手……
377,其实“科幻片”和“灾难片”的概念都是伪命题，都不是什么严格的genre，硬要说的话，可以有三个评判层次：外部冲突事件的驱动力和节奏感，极端情境下社会运行机制的展示，以及科幻世界观。《流浪地球》当然都是硬伤，但它亟需解决的还不是科幻类型问题，而是工业1.0时代的问题——基本的叙事能力。
378,觉得出乎意料的是音乐做的也还不错 有致敬经典的味道 是诚恳的 视觉效果整体质感很好 可惜我最讨厌声画不对位 差还是差在演技和喊口号吧
379,1.呈现特别乱。2.跟原著关系不大算是以原著为历史背景吧。3.硬煽。硬要死人。。肯定会哭哭完觉得油。。。其实觉得看原著足够了。画面是看得出很用心but就是有一种硬来的感还有挥之不去的游戏画面般的平庸感。。但是画面这种东西又很神奇。他让你特直观的连接到如此宏大计划的现实层面。即便它呈现的不行但你仿佛站在绿巨人的肩膀上又多看了一点这可能是我能给出的最好的评价了。两千五百年的愚公移山所必然经历的不坚定和可能的极权时代等等细节也没有体现。最开始抽签迁居地下城桥段所可能引起的不安定也没有展开为背景。。一切还都只是符号的样子。
380,看完流浪地球，我觉得电影唯一的问题在于，行星发动机和转向发动机动力太弱了。 所以即便是科幻电影，中国的发动机依然是短板。 怎么能用这么低劣的动力源呢？ 应该用中国目前最为致命，最为先进的两种发动机。 1，杠精发动机，只需要轻轻一杠，就能为地球的发展进步提供强大的动力。 2，喷子发动机，抓几个喷子进机器，不停放一些话题进去，就能提供源源不断的动力，其性能比核动力更加好，而且持续时间长。 这两种能源比清洁能源更加环保，目前技术已经较为成熟，我国赶超美国就靠他们了
381,一个人拯救世界，那是年少轻狂，前赴后继的组团救世界那才是成年人干的事
382,难以置信难以置信，国产科幻片也能有如此水准，相当赞。“道路千万条，安全第一条，行车不规范，亲人两行泪”大亮。
383,灾难公路片。最惊艳的部分：点燃木星，推动地球。这种坐地日行八万里的想象力，让人想起毛泽东诗词。大刘确实继承了50-70年代的思想遗产，他的集体主义信念与当下中国的个人主义原子化生存发生了冲突。因此，争论焦点并不是什么“舍生取义”或中国家庭观，而是基于中国当代史的断裂。女中学生的独白太尬。
384,台词尬，煽情硬，人物还没立起来就死了，无法引起共鸣。“回家”主题在苍白的人物面前显得毫无说服力。剧本不及格，特效再好也没用啊（摊手）
385,一种苏联式隐喻——曾经围绕着的太阳要熄灭了，我们必须找到另一个太阳，在达到目标之前，需要实现一种愚公移山式的世代级牺牲。相比原著虽然改动极大只留了设定，但还是保留了刘慈欣式的冷战思维和“敢叫日月换新天”的铁人精神。一万年太久，只争朝夕啊
386,拍得挺好的 其实对理解那一代人心情 匮乏与饥荒 一定要活下去 很有好处 视效大片削弱了刘慈欣原著中对极端情境的刻奇感 就是莫名其妙的撕得有点太难看了 懵逼2.0
387,整体挺好。就是小男孩让我有点出戏。咦，这不曹云金嘛。他怎么会牺牲自己拯救地球！他没这境界啊！
388,给岁月以文明，给文明以岁月。
389,对新技术的探索精神值得鼓励，应该看到我们的努力；对国人情怀的把握也比较精准，这个有些滑头了；其他了了。
390,特效确实里程碑式的科幻作品，但这个故事，除了“流浪地球”这个设定跟原著一样，其他都是“原创”了。一看就是闯关打怪的设定，一些配角你瞄一眼就知道谁要被套路牺牲了。我真的很反感这种过度煽情，台词都很差很愚蠢，女主最后鼓动增援的发言，真的low炸，毫无感染力。如果以好莱坞标准出品的电影，这电影十分的话，也最多六分了。
391,使劲煽情和不好笑的玩笑都挺让人尴尬的。短评里有人说的没错，如果换成是好莱坞班底这片也只是勉强及格。豆瓣的8+虚高了，看完连我爸妈都有点嫌弃。
392,那些说不好看的人，摄像机给你，你来拍。真想让那些拍个小妖怪动画片和三流情感小剧场都要弄个3D的人来看一看，这才是3D电影应该有的样子。作为一个从初中物理就开始不及格的人来说，我看了两遍原著依然没有看懂，但是电影我看得很入戏。虽然电影做了很多的情节改动，但是具象化的表达方式填补了我的想象空白。电影里最喜欢的一段，是韩子昂在氧气耗尽前回忆起自己过往的一生，没有想起金钱名誉和权力，他想起的是十四年前地球停止自转的第七天，他在海啸中救起了一个劫后余生的女婴。他收养了她，给她取名韩朵朵，这是他故去女儿的名字。人在生命的最后一刻，往往会怀念起一生最珍贵的东西。
393,大刘我们来啦
394,让人类永远保持理智，绝对是奢望
395,原著流浪计划的设定特别好，可以支撑一个电影系列吧，可惜电影编剧不但没有让这个设定有足够的细化和延展，那些土法炼钢的情节、关键时刻拿人性情感搪塞的办法，既反科学，又反幻想，甚至在精神上是反原著的。 虽然电影真的并不战狼，但“中国的科幻元年”碰上了战狼时代，自然在商业上火花四溅。可是看了这篇文章( http://m.sohu.com/n/262893024/)，科幻元年的悲壮感就顿时烟消云散。工业上算合格吧。但最后一场戏，王磊和韩朵朵在备用电梯发生了什么，连镜头都没有，是明显的剪辑事故。 或许创作者确实非常不容易，面对差评当然会有委屈。可是既然你们选择了空手套战狼，分得了“粉红”经济的红利，就理应承担这样的舆论风险吧。
396,"给星际穿越这种软科幻三星以上的人，不配给这部片三星以下；看之前比较了豆瓣评分和友邻评分，期待值理性定位在2012以上，明日边缘以下，如果有对我胃口的点可能比得上环太平洋的视效和星际迷航的冒险内核（没想到看完两个点都戳了）；前五分钟的格局和呈现方式完全满足了我对大刘科幻的期待，以至于担心后面会跟不上；整个看下来即使后面最套路的部分也至少维持了好莱坞顶级商业片的节奏和特效水平，只有新Hal, 广播和下坠三段有槽点；全片重金属车间审美加中国特色正中我下怀；完美呈现大刘无限接近现实世界的风格，加上隐含的英特纳雄耐尔一定要实现的中二，连明明一直是弱项的人物居然都完全不拖后腿；失重的眼泪戳中这辈子看电影第一次泪点；剧本包袱对仗工整，唯一的线头是那一站被扔下的宇航员；喜欢如懿的俩演员；祝福大刘从此被钱砸晕"
397,荒诞科幻灾难动作片，静候天体物理学家忍不住跳出来改当影评人专业吐槽，对国产片和对自家小孩一样，无条件溺爱无助于他的真正进步与成长，试问哪个影迷会不希望国产电影扬眉吐气？没有的；“借鉴”、“致敬”多，有缺点有不足，本来都好说都不是大问题，但若功利性目的性过强，失去一部电影的“真心”，这比失去它的艺术、技术更糟糕，只会令人尬意连连；编剧把什么都往“大”里说，怕是对电影的影像世界的“恢弘壮阔”的定义有什么误解
398,看的时候一直在三星和四星之间徘徊。有一些煽情和比较啰嗦的地方，循着不少套路，惊喜不足。但故事还是讲清楚了的，也能成功的调动情绪。难忘的是前半段对讲人情、走关系的暗讽，宇宙发生巨变，这些陋习还是根深蒂固呢。
399,我们民族的文化传统里既缺乏“科”技理性也缺乏“幻”想感性，却要拍摄属于自己的“科幻”题材，最大的胜机和辨识度就在于，能否植入某种，属于东方的美学和哲学。 比如永恒的乡愁、比如死亡与重生的辩证关系、比如对土地和家园的眷恋和依赖。 当然，在大部分叙事细节上，它依然表现得非常美式（这倒也构成了它抓人的部分）：无论是普通人拯救世界的设定，还是对倒计时营救的操练，或者是“解决宇宙危机的同时解决父子关系危机”的大小情节嵌套。 把地球的自救时刻定在中国的春节，一如二十年前好莱坞把地球的反击时刻定在美国的独立日。
400,没想得那么好也没那么差，全片着急忙慌好像要去赶楼下的二路汽车，跪舔一把俄罗斯，顺带黑了日本人和菲律宾猴子，联合政府说法语，反正不能说美英鬼畜的英语，美国在电影中缩减为一面国旗，英国缩减为一句救援队的话，谁说这电影没有政治与民族主义的内容？跪舔什么、黑什么、排斥和省略什么，不是政治？初中萝莉演讲拯救世界这事儿太扯，不过起码是中国科幻片里最大的场面了吧。这剧本给好莱坞，肯定拍得比这好。
401,抛开台词的话，作为灾难片大概能9分，科幻片大概就只能7分了，所以综合一下是8分，画面效果一流，设定宏大。台词实在非常尴尬，人物特别功能化，硬伤多，大部分灾难都是因为不够科学引起的……
402,“家都没了的话，还过什么年”，很中国。先用硬科幻概念、顶级特效与适度煽情把热度带起来，这一步无可厚非；希望未来的中国电影将目光聚焦至科幻作品的暗面，比如地球上那一半无法进入地下城避难的人类的命运。
403,似乎很多人的给星点都在于原作太空场景的具像化——然而这片内核和原作完全相反，原作中联邦为了文明延续的希望坚守了信念，本片为了临时拍脑袋的理论上不可能完成的任务毁掉可能性高的而且看上去是唯一的保存计划，说到底并没有真正在乎文明延不延续。其实另外一条路也可以就是无论人类灭不灭都无所谓，因为人类文明消失对宇宙根本不算个事儿，但片子也不是这个思路啊，另外madmax，gravity，2001太空漫游都在看着你。/ 20190209 看了全频道阻塞发现某些我原来理解扭曲原作的地方其实不是扭曲，是我对大刘的认识不够了，补一颗星
404,顿爷 坦叔 金哥 咱们阿弥 还得陀佛
405,我旁边一哥们看到最后哭了，和我那次看星际穿越一样。 不得不承认，这次挺牛逼的
406,过年了，决定宽容点（主要是我对科幻作品没有任何预期，也就谈不上“符不符合预期”什么的了。没有爱情戏使人通体舒爽
407,说这片子不完美，有缺点，剧情上有bug，年轻演员表演上还很稚嫩我都认同，但是打一星的很明显已经不是因为这些原因了。如果你对于一部电影，在看之前就决定了去打一星，那么评分又有什么意义？
408,枯辽，国产科幻大片再也不是笑话了，借一把火种点燃地球人的希望，是我能想到最硬核最深沉的父爱，没有人类就没有文明，感谢大刘架构的成熟的宇宙观，春节十二响走一个
409,就有一点我很在意，为什么要让吴孟达用字正腔圆北方普通话演深情回忆一碗葱花面的上海人？首先，那个叫阳春面，吴孟达整个人从头发到鼻毛都Scream他想吃烧鹅濑粉冻柠七
410,缺點在各種強行煽情處暴露地一覽無餘。看完全片印象最深刻的就是「親人兩行淚」。美式英雄個人主義套路與中國思想文化中「人定勝天」的心態強行結合所形成的「正義」價值觀真是讓人一言難盡。朵朵廣播那一段真是超大敗筆，直接quote假大空煽情班長的話也是夠諷刺的了。（視效確實很不錯，但忽略式剪輯真是拖後腿）
411,帅炸了啊。不过这么好的题材这么好的故事这么好的视觉 他妹选个啥啊。。一说话就出戏
412,很意外，很好看，几乎是全场观众的共识。春节稳了，就像去年的红海。 #跟大刘坐在同排观影
413,这就是中国媒体盛赞的中国硬科幻开山之作？主角兄妹尤其哥哥的人物塑造非常糟糕，台词差，性格讨人厌。所有角色脸谱化，废戏简直太多了。一个中国军人自作主张的引爆装载着地球文明全部火种的空间站，去协助执行一个一开始被以色列评估成功几率为0%的计划，然后突然就又成功了？这种中国式英雄主义比美国的好不到哪儿去。除了特效，其他负分。
414,瑕不掩瑜，是中国目前能拍出来最好的科幻了
415,特效这么炫 反衬出 都地下城了 还支味这么浓郁到尬 和 到了米国 还在带娃搞数学竞赛 的中国家长 有什么区别 就 特效团队 提供的 孤独行星 成千上万发动机的幽光 啊人类的超越与渺小！还有磅礴音乐 要起飞了！ 忽然之间 出现了 大院子弟 京片子 和 声情并茂 的 课文朗诵 还有 弱智无用的女主脚 仿佛切换到春晚小品现场 窝 坐在大荧幕前发抖叻
416,理性社会可能导向威权独裁，尊重人权意志容易陷入沉湎和内耗，这本不是“吃或不吃美女”可以折射答案的永恒博弈； 我觉得刘在用着部电影做澄清：若是社交媒体上现在污名化的他，理性上应该果决让太空站逃逸不冒任何风险，偏偏感情用事终于顺应了人性的贞洁。 被误解是表达者之宿命，语言的回合往往自带恶意；好在《流浪地球》呈现出了做选择的更完整语境，把“反正都要死了”这句我们轻描淡写的口头禅变得切身，也把背负人类存续使命的planB轻易化为最后一分钟营救的稻草。
417,翻来覆去就看出了三个字：功能化。
418,有很多的不足，但确实大大超出预期，于是这就成了一部我想把这些不足按下不表的电影。“流浪地球”这个名字和意象还挺浪漫的。看完让人很怜爱”我们的地球”。
419,这电影问题还是很多的，感觉精力都在打磨那个核心idea，而没没怎么打磨过台词、情节、人物。如果是美国电影，也就3星吧，但对中国而言，这电影可以算是里程碑作品了，需要鼓励一下。
420,大家不觉得煽情过度吗？坐在电影院无比尴尬……还有，全程在想《星际穿越》的好、《地心引力》的好……
421,在上一部号称中国科幻元年的电影《蒸发太平洋》把我吓得不轻以后，看到这部的宣传，着实让我十分警惕。没想到，在美国电影界已经集体拯救过世界以后，中国电影界终于可以自己拯救世界了。
422,细思了下还是妹妹更烦一点 魔法少女语死早 翻翻评论的黑点 拿去黑星穿最能黑得体无完肤 至少破球主角是蓝翔装备流 星穿的猪脚威能已经上升到修真文高度 所以一心智正常者是不该一边捧星穿一边黑破球 妥妥双标 下月绝对会去二刷
423,霍，这样的片子都能评出8分来！镜头交代得特别不清楚，该提的节奏也没提起来（姜文说的对，我们的镜头数跟国外电影差得远）。其实3队人马的平行剪辑，或者加上地下城那群，可以讲得挺漂亮，怎么成现在这样儿了……就是抄好莱坞结构，也不至于啊！“7天假”啊，“春节第一天”啊，明显是投机这个档期。煽情点呢，死两个长辈，也指向春节档。女性角色就更不用说了……嗯，没错，少女哭哭啼啼救地球。看完电影，只记得李一一。（4DX）
424,6.5吧，以资鼓励，硬伤亮点都有，够嗨！前半截太拖沓啰嗦！到了苏拉威西之后感觉才上道！韩朵朵戏份挺重，但表现一般，那段广播太没感染力了，然后各救援队突兀的掉头！特效还可以，故事一般，镜头太多太短眼睛都累！最后10分钟才是真科幻大片！3D立体观感太差了，直接只弄2D版最好了
425,刘老师真的挺喜欢在关键时刻让女性做救世主的，参考《三体1》里的大BOSS叶文洁老师。诚然我们战狼吴京老师关键时刻也牺牲了小我，可是还带着稚嫩声音的初中女生韩小姐才是在关键时刻向全世界进行广播的那一个，有头有脸儿。另外刘启和韩朵朵的关系内核其实是爱情，哎。
426,7分，特效和设定都特别赞值得8分以上，但是剧情渣，男主光打雷不下雨的干嚎式哭戏和朵朵那段念课文式独白太尬了，户口一口一个“老东西”真想一巴掌呼过去。看多了吴孟达的喜剧，没想到他演悲情戏也特别好。李一一是全剧亮点，台词顺溜十分亮眼
427,3.5/5，还记得起初看书时就一直觉得“行星发动机”这设定很扯淡，结果具象化之后，反倒觉得更扯了，而且电影本身的世界观构建也还存在着不少瑕疵，如果能再多些时长铺垫或许会更好。不过中国的首部科幻大片能做到这种地步也算是够本了。尽管可以很清晰地看到在模仿《星际穿越》、《2001太空漫游》的影子，但它作为首部本土重工业科幻电影，可以做到堪比好莱坞的效果，带给观众和中国电影人们的意义是无法想象的。希望2019年能够借此机会，打开突破口，成为一个真正的中国科幻电影元年吧！
428,我太不争气了，哭了两次。片子的逻辑的确有一点点问题，比如一开始我就不知道哥哥为什么要到地面上去，而且为什么要带着妹妹。比如最煽情的妹妹呼叫全世界，说帮帮我们的时候。我才突然间惊醒过来，原来妹妹留下来的意义是煽情。引发大家的同情心。比如你推机器，我推你这种是不是真的能像武林小说一样传导内力，并且产生一个强大的推力，难道前面第1排的人不会被压死了？但是这些都依旧不能阻止，再大的灾难面前，人类不放弃希望。不分种族，全世界团结在一起。在吴京一生儿子喊出来，然后各种回忆杀，我就哭??个半死。。甚至忽略他画的眉毛。。觉得他好会演戏！觉得哥哥好帅！！李光洁好帅！！最后谁能告诉我郭京飞在哪里？？
429,整体来讲，流浪地球可以的，很可以。还有很多国产电影，你横向对比着看，感觉只有五六十分，七十分顶天了，但你也要知道咱们这儿得从负两百分算起，是一分一分加上来的。这不容易，很不容易。
430,一旦电影的形式大于内容了，就忍不住会想，这么多钱，这么多人，这么多年的时间，用来拍这种东西，真的值得吗？有钱了，有技术了，得去探讨点真正重要的东西。然而，我们有能力吗？
431,看《流浪地球》的时候看哭了。据某个博主的文章，他在北美看的时候放映厅里抽泣声此起彼伏。而我身边毫无声响，所以只能克制一下，偷偷的擦眼泪。回味了很久才想明白，这种感动是跟看到92年大洪水救灾和08年汶川地震救灾的感动是一样的，一群无名英雄团结一心共克时艰。再往前推，朝鲜战场的无名英雄们也是这样的。就是因为有了这些根植于民族血脉的精神气节，我们才有这充满勃勃生机的今天。一群默默无闻的人在平凡生活里谱写了英雄史诗，属于人民的英雄史诗。而好莱坞那点英雄主义，总是看得很生硬，因为真的不太相信你们在现实里也是这么干的。
432,看之前我觉得刘慈欣的小说写得不好 看完了我觉得相比电影他小说写得很好了！电影完全没能超越小说啊 宇宙观和日月星辰的描写部分 原著里其实本身就很气势恢宏了 特效虽然不错 但没有文字有想象力 人物的部分 这些并不知道自己在干嘛以及想干嘛的人 还不如原著里那些emotionless的人呢 相比过度的强行煽情我情愿选择原著里的冷淡
433,煽情刻意而冗长过头，让人反感；细节真是经不起推敲（不管是剧情还是画面），不过作为灾难片这一类型，完成度还是不错的。PS：打动我的有两处：一是高层明知无法救援还要隐瞒使得地球上的人上演一场自救戏码（这算是某种能被歪解的希望？）二是“流浪地球”这一耗时如此之久的计划本身就带着的悲壮感。
434,流浪地球确实是一部完成度相对较高的华语科幻电影，抛开故事表演之外，它的技术细节还是有提升空间。 它关键场景的音乐甚至可以说的上是直接抄袭，音乐从配器，构思，发展，甚至旋律线都一样，可以用木耳精确到黑暗骑士崛起，地心引力，钢铁之躯和星际穿越这些经典科幻作品的某些具体场景音乐。但这些被抄袭的音乐，从创作上来讲，除了情绪上的匹配，所有的客观写作思路都是不符合流浪地球的使用场景的。 所以从音乐角度上，我对这部被誉为华语科幻元年的代表作品表示遗憾。
435,都世界末日了全球冰封了，我们办公楼还没塌掉
436,作为国产科幻片，特效啥的让人挺惊艳的，就是剧情有点崩，希望再接再厉吧
437,我觉得和刘慈欣没啥关系了，他才不这么主旋律呢。但是还是挺好看了，宇宙部分特效挺好的，地面略网游动画风，可能太难做了。很多惊险场面依靠剪辑，没有把最紧张的部分拍好。但不容易了，鼓励一下。
438,三星给设定、画面和特效，故事上且不说逻辑硬伤，但是想学好莱坞式英雄主义，却处处流露着中国式的小家子气就让人犯尴尬癌，最后的英雄不英雄，让人质疑本片的三观。
439,视效可以，节奏不行，人物也单薄了点。但是最让人惊喜的是诸多细节，硬且自然。
440,抛开特效场景，流浪地球的剧本还剩下些什么？情感、逻辑、人设，处处都一塌糊涂，过多冗长的情节只是为了煽情做铺垫，中国电影欠缺的真的是好莱坞工业级别特效制作水准和华丽炫目的视觉效果吗？张艺谋陈凯歌的前车之鉴里，我们从来都不缺面子，缺的是里子，缺的是把一个故事说得吸引人的能力，否则把银河系都流浪完，依旧是变形金刚系列节节败退的结果。中国的科幻元年？想起李毅大帝的语录：我护球很像亨利。
441,木星那么可爱，为什么还要炸木星
442,一个没有修过长城的民族是想象不到把地球开走的操作的。 有没有瑕疵?有! 是不是完美?不是! 但是我就是要给五分!我就是要给好评!我就是赞! 因为这是一部吃螃蟹的电影!而且螃蟹好吃!
443,感觉和大刘的核心思想不太符合啊，大刘感觉是个厌恶虚伪人类的作家，片中却赋予了人类勇敢、奉献、大爱的正面形象，“没有人的文明毫无疑义”，而且拯救人类完全没美国啥事，只有我们和俄罗斯顶多再来点法韩日。还是希望能看到星际穿越那种跨越很多年的科幻，本片导演可能没什么野心。
444,脑洞一下，千辛万苦飞往比邻星，半路遇上比邻星的文明行星正飞往太阳系……度尽劫波兄弟在，相逢一笑泯恩仇。
445,对普世价值毫无免疫力……如果我死了可以保住全唐诗词我也愿意立刻死的……
446,所有的燃点都是小说原著的旁白朗诵…
447,为什么宁死也不放弃地球，因为那里有我的宅基地。京说。
448,缺点和优点一样多，除了越往后越离谱的剧情合理性、过度借鉴的配乐和设计，最烦的还是三番五次得用台词和音乐煽情。 这些缺点让你时不时翻个白眼，但又会继续看下去。因为电影整体的完成度足够高，冲突不断升级、叙事节奏恰好、又不失细节设计，这些错误就像是故意犯下的。因为不这么瞎编，这部电影根本拍不出来。 最后呈现的是一部不够严谨的好莱坞式的灾难大片，就像是地基千疮百孔，地面上却华丽至极的大厦：所有人都为之侧目，但却十分危险。
449,联合委员会始终以电子数据形式出现，杜绝肉体之后加强神化视角，同时也陷入技术诘问：地球计划是否只是人工智能对人类的一次复仇？为何最开始没能演算被木星引力吸引的概率？新家园的未来蓝图是否以人类奴化为基础的纯理性社会？但是在具体呈现手段上又是蒸汽时代的硬工业视觉，内部设定的分层与矛盾难以调和，因而电影中呈现出的社会形态便是畸形的：一直在暗示的“地球公民”身份总是局限于“国家”范围内，对“家”的情感同样是从“国家”而非“地球”衍生，导致看似电影是在（仿造资本主义神话）塑造个体英雄，但实际还是在（讴歌社会主义）强调集体力量的优越。
450,矛盾的观影过程，带着地球流浪的愚公很浪漫，点燃木星的个人英雄主义却呈现得让人不适，这一段剧情上也极其崩塌
451,来凑凑热评。大年初一看的「流浪地球」，中国制造的科幻大片值得一赞，基本上完整地讲述了整个故事，大框架没有什么的硬伤，科幻特效有一定国际水准了。不足的是人物刻画浅薄了，演技尴尬，很多画面细节剪辑显潦草，过渡粗糙，过于抒情的配音也让人跳戏。
452,国产科幻的里程碑，但始终摇晃的镜头，不仅把故事快摇得散架，也导致没有一个人物形象得以聚焦，看完就像大过年被灌了一碗贩卖焦虑的毒鸡汤。目前的评分，就像电影里空间站系统莫斯的遗言：要让人类永远保持理智，的确是一种奢求
453,有几场戏不知道是镜头不够还是剪辑太仓促，最基本的叙事交待没做清楚。科幻质感上地下城也太糊弄事了一点，但其他无论是设定还是视觉，都超出预期。剧本写的也不错，情感核心很好，无论是故事还是整体作为科幻类型片的质量都让人感动。
454,色香味都ok的年节大菜，但吃到最后觉得油盐太重既腻又齁。产业意义高于其他所有价值，在这一点上与它并提的的确应该是“药神”。京味重到无法忽视的地步，而这个角色到最后又还真是非他莫属的感觉，飞上太空，战狼依旧是战狼，家国永驻心间，一己之躯逆天改命！
455,剧作对情感处理尬得人浑身不舒服，剪辑混乱，剧情生硬，部分角色可有可无。整场下来电影院有开着手机外放看视频的，有打王者农药的，场景诡谲。不如原著。不如原著，不如原著。
456,还是战狼的风格，一个人扛起了整部戏，就如同我期待能看到一部红海行动，实际拍了部战狼2。小说里磅礴大气的种族自救让给了个人英雄主义。三星给特效，科幻也是讲故事，剧情还是偏弱，其实开始孩子就加入救援就好了，没必要搞个离家出走
457,星球级别的电车难题。一点也不符合集体高于个人的社会主义价值观，角色buff高过天，从头到尾都在嘶吼，类似全程抽插两小时，累。以及地面都冻成那球样，哪来的蚯蚓干？以及怎么在地底下弄够全人类吃的几千年食物……不过这都不重要。感叹这么多年过去了，贵国的教育还是那么传统，老师台上念，全班齐声读。班长抑扬顿挫、深情并茂的朗诵式样回答还是那么耳熟又作呕……特效是挺好的，值得肯定
458,只有中国人会想到带着家一起走。
459,流浪地球比想象中强太多了，稳了稳了！ 在原有设定上写了新故事，但这个故事太宏大了，它只能是大刘写的！ 我在这部里，不只看到了流浪地球，还看到了2001太空漫游，看到了全频带阻塞干扰！ 看到最后我哭了，旁边的人也在抹眼泪 大刘说，看到拍成这样，哪怕只卖十块钱也值了！
460,谁都知道其实并没到满分水准，可我们终于拍出一部合格科幻大片，那就果断五星促发展求更多(○’ω’○)
461,钱都花那么多了 就不能好好写剧本吗？吴京能忍 模仿Interstellar也能忍 但是 每个人物都无比单薄 彼此之前的感情关系毫无道理 看的真是太尴尬了。而且 同期收声有那么难吗？嘴型不对真的很奇怪啊。真是可惜了大刘的好故事 CGI组撑起了全片。
462,这不挺好一爆米花片，为什么这群杂碎要来豆瓣找身份认同？
463,这么多年，头次看到电审故字（2019）001号的片，真不白给！ PS：吴京沙滩上穿的夹克是从马修那借来了？
464,比近期的好莱坞烂剧好，至少比什么aquaman好几个档次了。
465,cinematically and humanitarianly failing.
466,干了半瓶酒之后，微醺看完这部，看完酒彻底醒了，整个儿就是两个字：尴尬。剧本薄弱，人物单薄，煽情可耻。如果只是因为科幻题材，所以特地拔高，也真是没救了。总之如果再给我一次机会，我一定干完整瓶酒回家睡觉。
467,【B】 十二载的离家，放不下是儿子安康； 三十万吨燃料，连接起了地木桥梁。 死脑筋的人工智能，最终被烈酒焚烧； 有感情的大活人们，才能有岁岁朝朝。 零下八十的温度，冻不住大家挺身而出的相助； 两千五百年时间，淡不了我们对你深深的思念。 电影略显粗糙是因为我们在科幻领域初来乍到； 导演故意煽情也好过你们不包容打一星发神经。 若要细究科学原理，请先放下键盘多学学习； 如果实在觉得扯淡，有种漫威电影一部别看。 有些情节不连贯，部分口型对不上，只能怨广电为了春节档排片要求删减时长； 就算剧情有套路，哪怕旁白显弱智，只要肯努力就一定会变得比好莱坞还神奇。 大年初一，这部电影带给我们很多惊喜。 挺起胸膛，让中国硬科幻电影正式起航。
468,除开那些略显拖沓的套路言情剧情，此片无论是主题意旨、格局、概念、逻辑细节，还是场景美术、特效，这种末世、大灾难、人类存亡、宇宙，史诗般的磅礴想象力，说是国产科幻新的里程碑，一点也不为过。8.2
469,初中在科幻世界上看连载的刘慈欣能拍出国产电影了，原作年代久远没啥印象… 完成度远远超出预期！！在电影院大屏幕专注氛围下看的还是津津有味的，美术的布景质感是很合格了，让人特别尴尬的段子也没有，凭借拍摄国的小人物一己之力救全世界的故事嘛商业科幻老梗，美国人拍救地球好几十年了换哪国都是差不多一个拍法。剧情有漏洞人物空洞也是很多科幻片的世界性通病，这本子连太阳系里的事情都算不清还要特么千里卡车送物资关键剧情漏洞实在太大，就别贴硬科幻标签了。能完全自圆其说的科幻本来就是凤毛麟角，在国产能和幻字靠边儿的电影里面进步都有飞跃，三星半是不带国产鼓励分的。
470,可以理解赞美和欢呼，毕竟过于贫困的族裔无愿也无法拥有太高的期待。并非没有战狼式表征，但整体还算克制或者说隐蔽。对我来说是无聊居多，如果说那篇对谈触及的是主权者在恢弘道德目标（所谓文明存续）与个体权利尊严间的选择的话，影片已悄然回避了刘慈欣所坚持的困境设定，改写为我们熟悉无比的革命历史叙事中的英雄的自我牺牲；同时，一波又一波的一分钟营救戏码实在谈不上高明。对标好莱坞大片自然可以，可我本来就不喜欢好莱坞大片啊。
471,这么说吧，作为刷过近200部高分科幻电影的科幻狂热粉，我觉得自己客观评价一部科幻电影的能力还是有的。 因为只是点映，所以分享一篇前辈的影评，自己就简单点说一句，《流浪地球》非常好看！不买票绝对后悔！好莱坞工业的合格产品，中国特色科幻电影的排头兵，超出几乎现场所有影评人和观众甚至刘慈欣本人的预期。 看哭不是说说而已，春节档预售第一名我当然押宝《疯狂的外星人》，但是《流浪地球》注定会在我的观影记录里留下浓墨重彩的一笔。
472,视听是毫无疑问地足以竖起标杆了，台词实在不好，年轻演员表演极单薄。故事以及推进方式也简陋，倒是忠实还原了刘慈欣对于备战备荒、战天斗地式集体主义宏伟景观的偏好，很中国的科幻叙事，甚至连那个HAL也不外如是。总之拍完这么一部电影确凿是一件不容易的事情，也的确是个好的开始。
473,第一次大年初一在影院看电影！作为难得的国产科幻大片，特效虽存在美中不足之处但却超乎预期的满意（原来是维塔工作室参与制作的），反倒故事让我有些失望：在脱离太阳、没有光照、冰天雪地的流浪地球里，哪来那么多的食物和氧气养活35亿人口？……诸如此类剧情漏洞（还有刻意笑点、尴尬台词等）多得破坏影片的代入感。另外，观影过程中时常联想起《星际穿越》《火星救援》《地心引力》《后天》《机器人总动员》……等好莱坞电影，而刘培强为对抗人工智能出空间站后那一段戏的配乐穿越至<No Time For Caution>。P.S.：虽然自己是四星推荐，但豆瓣条目首页一二三星的短评却蛮多让我有同感的。＆ 中国好些真人电影都存在嘴型对不上台词的现象，感觉动画电影台词对上嘴型更加艰难了。＆ 片尾曲《带着地球去流浪》后没想到还有一首《夜空中最亮的星》。
474,我天我都快四十岁了为什么还被这种“燃烧一颗星星说再见”的梗打动啊（不是。电影大概是好电影毕竟你让外国人来拍也就这样了估计还拍更糟糕，就是通篇太煽情了我自己不喜欢。
475,剧情和人物稍微有点单薄了，但总体还行，故事完整通顺。和星际穿越比肯定是比不过的，关键在于星际穿越最后营造出诗一般的梦境感，这种真实与想象我觉得这个才是21世纪好科幻的关键。浪球对标对象应该是天地大冲撞这类上一个时代的红脖科幻。
476,在大银幕上看到拯救世界的英雄从美国人变成了中国人，是一种混杂着期待、怀疑、惊讶和感动的体验。它甚至将是一种新的历史体验。因此我们必然会遭遇流浪地球、刘慈欣、吴京这些指标性的全民讨论，它使得有关剧情起伏、影片执行这些层面的讨论退到后面。但问题是，如果这种置换是真实的、经得起考验和推敲的历史事实，那么我们迟早要回答一部好的电影是怎么组成的这样基本的技术的问题（这部电影同样在这个意义上有一份答卷）。进而我们还要追问，在这种置换的后面，到底有什么新东西？
477,目测春节档最后赢家
478,特效很棒，美而绝望。但作为电影，故事情节单薄，没有冲突点，所以整个片子一点都不吸引人，就是看到中途离场也好奇后面发生了什么那种。 人设也非常奇怪，哥哥妹妹父亲外公，没有一个正常人，制造的笑点让人笑不出来，为煽情而煽情，但又煽不到位，可能是史上耗资最大的春节回家宣传片。
479,顶锅盖，两星全给特效，确实不错值得表扬。另外剧情薄弱，演技尴尬，不合时宜的煽情，还有特别烦那种浮夸到不行的集体高潮式的“燃”，这毛病真得改改...
480,7+。是灾难片，也是科幻片，二者并不矛盾，而且还真不是国版《星际穿越》，更像前者与《后天》的混合。它确实是带着自己的使命来的，并且存在的意义必然大于它作为电影贡献的价值。人物行为有点不合逻辑，剪辑和配音也看得捉急，但叙事脉络还算清晰，末世场景的呈现也算恢宏。父子情的铺垫不够，所以即使最后都煽成那样了带给我的冲击还是不如吴孟达那里大。屈楚萧的表演简直灾难现场，甚至不如Mike隋，好好跟赵今麦取取经吧。
481,好看，对照原著，只是用了一个故事创意，其实如果允许的话，讲一个抵抗组织的故事也挺好。
482,萧瑟秋风今又是，换了人间。
483,最大的缺点是不该煽情的地方煽情，而且煽情部分太长了！合着地球得救就是因为吴京的父爱？救援队费力死人去送火球特么说打烂就打烂了，这心理素质行不行啊！那么多人来救援都不帮人帮到底啊，推完撞针都去排队领盒饭了？男主演技最赶客。
484,有点把原著过于庸俗煽情化了，加了很多情感戏和英雄主义元素，整体还是好看的。太空真美，人真渺小。
485,台词节奏处理还有点上个世纪的蠢笨，除此之外没有问题：依然依靠刘慈欣，中国科幻触碰到国际水平。更值得注意的是价值观的新探索：中国战狼不行，那就国际主义战狼，太空战狼，重启黄金时代科幻的人文主义，虽是融合而非创造，也不啻为某东方国家的新价值观破局方式。致英特纳雄奈尔！
486,《流浪地球》要去尝试讲述一个50亿年后太阳转化为红巨星后的故事，实在太不自量力了，要知道，地球已经存在46亿年，智人才存在了25万年，文字（文明）才存在了5000年，工业革命才过去200年，尝试讲述50亿年后的故事，实在是无知，大多数人根本无法理解50亿年到底意味着什么。
487,其实整个剧作水准和刘镇伟近期作品差不多，甚至在价值观上更加落后，只是把仙幻置换成了大刘厉害的科幻设置对于观众来说一时新鲜容易被唬住。当然大场面视效上有用心，但声音，美术，摄影统统跟不上。其他的上层建筑也就无从谈起了。适当鼓励是可以的，但过度鼓吹与自我膨胀就是揠苗助长了。路还长着呢。
488,至少，这样的电影在这片土地上，还从来没出现过吧
489,以为是地球被放逐天际，穿越小行星带躲避外星人的宇宙漂流；结果是2012+后天+（微乎其微的）星际穿越。元素杂到杂烩，台词傻到傻眼。基本上是你要什么我给你什么到你觉得这片子好看为止。能及格的原因也无非是在科幻沼泽里开荒。角色们换上白皮电影也就是《独立日2》的水平。
490,其实，我觉得预告片中made in china的出现，并不代表什么，而是昭告天下，这部科幻片，是中国出品的。导演不至于犯傻到在科幻片中寻找爱国主义情怀。大刘的小说从来就不是爱国主义爽文，《全频道阻塞》即可见一斑。期待电影！
491,刻意煽情让人感觉十分难受且尴尬，另有多处硬伤经不起推敲。一定要说是中国科幻电影的崛起，个人感觉真的十分一般。
492,兄妹對話弱智吧，台詞爛唸詞差簡直是煎熬。裡面的男主角們真的就不能正常說話麼？那股中國直男味道真要看吐了。煽情苦情戲到處充滿槽點，還總是洋洋自得地為自己打民族標籤，凸顯“優越”，打標籤這事本身就是自卑+盲目自大。這都能到四五星的話，中國劇場該有多可憐。0223???
493,中国科幻电影有希望了，老泪纵横啊！就是演的太像“演的”了！两个小孩的戏，还有姥爷的配音有点出戏。但是冰会化成水，未来会好的。
494,看完以后，中国科幻电影元年不元年，中国科幻有没有希望，这种谁还在乎。仅说电影，已经完全值得吹爆！看完激动心情完全难以平复，这就是想要的科幻电影。
495,中国式煽情真是又臭又长
496,全片就很尬。剧情发展和突然的煽情，整个尬到最后；人物设定也很奇怪，全片找不到任何一个爆满的人物。科学设定bug多的数不过来。
497,还是再看一遍特斯拉上天感受一下太空浪漫吧
498,改编赞，特效赞，情感冲击到最后也非常赞。小说的主人公没见过星星，现实中的观众没见过中国硬科幻。《流浪地球》帮我们把梦想都实现了，真好。
499,唯有牺牲多壮志，敢叫日月换新天
500,大型真香现场
501,在现在的国产电影中真算不错了，特别是特效看着忒舒服了，甚至令人激动，终于有点像样的了，希望之后的科幻能够保持这个特效水平。故事确实到处煽情，这是最大的缺点。不过影评里那篇评价不及格的我也挺认可，可以说是故事原本的缺陷。这样看来作为“大片”是不错，作为“科幻片”在逻辑方面不合格，可以退一步算作科幻背景的大片。
502,可
503,超级燃，挺好看的，当时看完了就到处找关于流浪地球的采访看
504,国产科幻值得鼓励
505,“希望，是这个时代像钻石一样珍贵的东西”
506,科学是理性的，但“让人类保持理性永远是一种奢望。”为什么呢，因为希望和无畏就像钻石一样吸引人。
507,道路千万条，安全第一条，行车不规范，亲人两行泪。 刘慈欣老师很厉害
508,精彩，看了三遍，虽然有为了提供高考素材的目的，但确实看到吴京倒数那里哭了
509,作为中国科幻的里程碑，我觉得流浪地球还不错，里面的台词到2020年反而有了种预言感，哈哈。故事更多的是团体，没有美式个人英雄主义，这点我还是喜欢的。不过有些伟光正台词的确有点尴尬了。
510,这部片子挺优秀，但不知道是不是因为自己对科幻题材不感冒，所以并没有觉得非常好看。
511,片子不错，吴京好厉害，哈哈哈哈，夸下他。实力派演员！
512,台词太尴尬了，还亲人两行泪，这是搞笑片还是科幻片？
513,不知道是不是剪辑的问题，很多情节有些跳跃。感觉在打造人的无私和自私两面上面没有诠释好，很多都很含糊。
514,人是难以时刻保持理性的
515,聊电话部分真的让人??
516,8分，有那味了，别让亲人两行泪。
517,故事挺简单的，星全给特效，加油
518,电影院看的第一部科幻片，很震撼，特效很好。
519,大刘的故事写的很好就文字差点，拍成电影可能就抹平这个缺陷，影片各个细节很用心，虽有国产科幻情怀注水的因素，不过有一说一确实不错。
520,这特效做的确实好
521,个人情感的部分觉得牵强缺少铺垫。还有一直有种爱国情怀？
522,是好故事 但情节设计和台词尴尬
523,赵今麦简直就是垃圾
524,中国科幻电影的里程碑
525,喜欢
526,补录。不能不说电影比小说差了太多。小说的灵魂真是被改没了。还是大刘更洞悉人性，都到了世界毁灭的生死关头了谈亲情友情爱情实在是个美好的幻想。我个人对这个电影的观感真是一般，肯定不会点开第二次的那种。然后，再加上那个让我恶心到想吐的男主演，给个及格分已经是最大的温柔。
527,一星给特效
528,什么叫TMD大片啊，战术后仰
529,很难得拍了一部科幻片??
530,我好喜欢片尾曲的设计 值得五星
531,好看
532,五毛电影
533,灾难片真的不好拍 更何况又是科幻类型 这部的完成度只能说是个开了个好头吧 其他的…… 这里面台词是真的挺灾难的
534,支持
535,敢于挑战科幻片，敢于这两字就值3颗星了，加一颗合格星
536,挂羊头卖狗肉，看不看两可。
537,客观打分
538,一部很有“中国特色”的科幻片，带着地球去流浪这种想法，相比也只有中国人才会想得出来，就好像中国人去到哪里都要带着故土一样。从视觉效果上来说，流浪地球与一些欧美科幻片的距离已经相差不大，但内容结构上可以更加优化。事实上。前期关于选择谁活着进入地下城，已经中期选择救一个人还是一群人，都是可以切入深刻讨论人性的角度，但都被轻易地带过去了。这是这部片原本框架中还可以提升的地方。后期救援队选择集体返回救援以及吴京选择驾驶空间站引爆木星的环节，都令人心潮澎湃。
539,想到了all the nations must come together 开头的声音也太温柔了
540,记得当初去电影院看的时候是有被震撼到的，华语真正意义上的科幻片，个人感觉可圈可点，值得支持，不管画面还是各种场景都还不错，反正支持吴京，哈哈哈！
541,期盼更多好的国产科幻片
542,人类真是快完了。
543,一个悲伤的故事：太阳都要毁灭，地球都要流浪了，我国的校服还是这么丑......
544,过程想睡觉
545,不错 中国????电影加油
546,失望大于期待。屈楚萧戏外玩字母骗女人钱比戏内精彩多了。赵今麦演技很一般，我还是更喜欢张子枫。
547,在加拿大看华语片成就达成
548,整篇的胡编乱造，没有逻辑性，看就是耽误时间，0.5星。根本不值得看，还不如看美国队长系列
549,赵今麦不适合大电影
550,大刘的小说，往往光设定就足够让人感动到泪流满面，大气磅礴，时而绝望，却又蕴藏希望。电影只是借了大刘《流浪地球》的设定，讲了个人物三观些许崩坏的故事，与小说无关。男主自大性格讨厌，即使最后或许拯救了地球了也没法立起正面人设；妹妹这个角色，除了不停喊救命拖后腿和尬煽情，完全不知道其存在的意义。其他角色？抱歉，扁平的我完全记不住。唯一值得褒奖的大概是视觉特效做得非常不错。
551,感谢刘慈欣，还有流浪地球的制作团队和演员们以及其他为这部剧做过贡献的人，为中国的打开科幻电影的大门
552,刘的科幻作品总能带给人不一样的感觉。无论流浪地球还是三体都是
553,第一部国产科幻片…很不错了了！
554,个人很喜欢，虽然感觉故事有点单薄，但是整体上我还是看的很爽
555,7.5/10 还行吧 但是太多正能量环节
556,失望大于期待 冰川的场景过于单一 不够绚烂不够充满想象力 年轻的男主角影片中表现狂妄自大 了解真实性格后发现戏里戏外都讨厌
557,☆☆☆
558,目前为止唯一在电影院看了两次的电影。但是刘启被演成什么鬼样子…扣一分！
559,人物塑造方面差了点吧，一出来就知道这个人是要干嘛用的
560,带小朋友去看的：科学家们发现太阳急速衰老膨胀，短时间内包括地球在内的整个太阳系都将被太阳所吞没。为了自救，人类提出一个名为“流浪地球”的大胆计划，即倾全球之力在地球表面建造上万座发动机和转向发动机，推动地球离开太阳系，用2500年的时间奔往另外一个栖息之地
561,其实真的挺不错了，就是贯穿全片的中式抒情还是有点尬。
562,是国内很不错的科幻片了，支持一下！
563,看完这部电影我有种后怕的感觉，以后我们的地球会这样吗？好害怕啊！正体来说还不错，就是稍微惨烈了一点。
564,一年多了，那句北京第三交通委的提醒还在我脑子里。尤其是今年春节期间的居家隔离，让我深刻理解了刘启和妹妹想要去上面看看的心理。
565,真部电影真的是很触动我！遥远的未来真的会这样吗？害怕了！
566,怎么感觉刘培强最后是强行英雄主义呢……虽然真的死的很惨烈……
567,中规中矩，算不上特别惊艳。
568,看不懂
569,场面还好，就是关于人的故事情节有点… 怎么还有中学物理知识
570,把目光望向宇宙，就不会被眼前的这点屁事儿烦扰了
571,我就知道会为了适应国情把小说剧情改成这个样子，那几个小鲜肉放在科幻电影里怎么看怎么违和。现在这分数，可以说挺正常的，8分左右最多了。原著是很不错的，但是大刘改编的时候的确没发挥好(可能是现实的引力吧)。一星给大刘，一星给特效
572,年轻男猪脚简直演的不能再烂了
573,俩字：震撼。失望的是，这样一部片子居然能被不少人打一星两星，用不合逻辑的问题对电影鸡蛋里挑骨头，如果这是部外国片估计已经被吹上天了吧。
574,就这样爸地球带走了，真的不考虑一下月亮的感受吗？
575,科幻，拍的不错
576,好看好看！这种不太烧脑的科幻片（可以算吧）我挺爱的
577,国产科幻片里面阵容 剧情都还很不错的一部作品了
578,中国科幻片的巅峰
579,就不该打开看，当觉得视效还不错的时候，这么个剧情、台词以及表演直劝退人。
580,支持一下中国科幻电影，不错
581,大刘的作品也无法让我对你们这帮粉蛆产生一点原谅的想法
582,加油加油加油！
583,和弟弟妹妹的观影记录
584,有很多人吐槽剧情，那是因为你们可能不知道影片为了上映减掉了近30分钟，而且这电影的亮点并不是剧情，而是在流浪地球背景下的宏大世界观。影片前6分钟看似话外音一笔带过，实际上交代了大量信息，只要你足够认真，基本每个镜头上都有细节的。而且有些细节非常令人感动，比如爷爷听的海草舞，感觉有些扯，但是仔细想想，爷爷是95后啊，海草舞不就是他儿时听的歌吗？坦然讲，我很喜欢这部电影，当然并不是它的水平有多高，而且那股认真劲真的感动到我了
585,个人觉得不错
586,技术只是科幻的一部分，但珍妮纺织机代表着工业革命的序幕。 流浪地球不仅仅也不应该仅仅作为一部电影，如果你明白解放牌卡车，那么就应该明白这部电影对于中国电影工业的意义。 打一星的，呕！
587,这台词真的是说什么是什么。想说什么就说什么。这是一出喜剧片吗.这电影看完了。结尾独白课文总结。1.2.3.4.5的。前面就是随便整。
588,原著蛮好看的！！电影略有不足
589,故事设定吸引人，场面和特效很很宏大，演员不喜欢
590,中国科幻，这部挺不错的
591,不知道是不是题材的原因，不是很喜欢，感觉有点刻意去想渲染了，反而没那么共鸣。
592,在人工智能与量子物理这些科技、科研领域的概念，下沉到普通人的思考范围后，唯心主义在西方的科幻文艺作品里更有展现的空间，这一点与中国刘慈欣为代表的科幻作家，在理念上不是同路人。 现在是中国人为自己探索科幻创作的发展时机了，摆脱西方科幻探索领域的束缚，尤其是他们纠结于宗教、神明的意识钢印，走中国自己的科幻创作之路，是明智的选择。
593,“北京道路安全委提醒你：道路千万条，安全第一条，行车不规范，亲人两行泪”
594,科幻片能拍成这样，很不错了。
595,挺有意义的一部电影
596,一直想看，今天才看完??。特效给力，演员们也很棒，大刘的果然没有让人失望。虽然照国外的科幻片还差点，但是值得五星??。看得人也是热血沸腾，但是电影还是有点小瑕疵的，就比如韩朵朵全球广播那，有点太尴尬了，明明是非常危机的情况还有煽情，说话慢慢悠悠的??真是个大bug。但是瑕不掩瑜，很喜欢，支持??。
597,喜欢
598,可惜男主崩塌严重。但还是记得当初看的时候真的挺感动的
599,上映的时候一张票可贵了
